sleep_ts,step_count,heart_rate,current_activity_type_intensity,stress_level_value,sleep_level,resting_heart_rate
03/06/2024 00:00,0,103,0,17,0,0
03/06/2024 00:05,0,107,136,17,0,0
03/06/2024 00:10,104,98,102,16,0,0
03/06/2024 00:15,113,101,6,-1,0,0
03/06/2024 00:20,0,97,0,-1,0,0
03/06/2024 00:25,184,95,102,-1,0,0
03/06/2024 00:30,0,97,0,-1,0,0
03/06/2024 00:35,0,100,0,-1,0,0
03/06/2024 00:40,0,102,0,33,0,0
03/06/2024 00:45,0,103,0,30,0,0
03/06/2024 00:50,0,104,0,30,0,0
03/06/2024 00:55,0,120,0,30,0,0
03/06/2024 01:00,0,112,8,36,0,0
03/06/2024 01:05,0,120,224,-1,0,0
03/06/2024 01:10,10698,109,134,-1,0,0
03/06/2024 01:15,0,107,8,-1,0,0
03/06/2024 01:20,0,105,104,-1,0,0
03/06/2024 01:25,0,101,136,-1,0,0
03/06/2024 01:30,645,86,134,-1,0,0
03/06/2024 01:35,7500,101,102,-1,0,0
03/06/2024 01:40,0,89,8,-1,0,0
03/06/2024 01:45,7519,95,136,-1,0,0
03/06/2024 01:50,670,96,38,-1,0,0
03/06/2024 01:55,0,96,40,-1,0,0
03/06/2024 02:00,84,83,129,-1,0,0
03/06/2024 02:05,684,81,104,-1,0,0
03/06/2024 02:10,10748,89,134,-1,0,0
03/06/2024 02:15,0,97,0,-1,0,0
03/06/2024 02:20,10780,100,70,-1,0,0
03/06/2024 02:25,0,101,104,19,0,0
03/06/2024 02:30,10795,103,70,24,0,0
03/06/2024 02:35,0,104,136,24,0,0
03/06/2024 02:40,0,106,192,16,0,0
03/06/2024 02:45,977,104,104,32,0,0
03/06/2024 02:50,1025,110,70,-1,0,0
03/06/2024 02:55,0,108,104,18,0,0
03/06/2024 03:00,0,106,0,14,0,0
03/06/2024 03:05,0,104,8,17,0,0
03/06/2024 03:10,0,91,0,17,0,0
03/06/2024 03:15,0,102,0,17,0,0
03/06/2024 03:20,0,102,0,17,0,0
03/06/2024 03:25,0,101,8,36,0,0
03/06/2024 03:30,0,97,104,52,0,0
03/06/2024 03:35,0,95,0,-1,0,0
03/06/2024 03:40,0,97,104,13,0,0
03/06/2024 03:45,0,94,0,8,0,0
03/06/2024 03:50,0,101,8,7,0,0
03/06/2024 03:55,0,99,136,12,0,0
03/06/2024 04:00,0,102,0,17,0,0
03/06/2024 04:05,0,101,8,15,0,0
03/06/2024 04:10,0,102,0,19,0,0
03/06/2024 04:15,0,100,104,19,0,0
03/06/2024 04:20,0,114,0,21,0,0
03/06/2024 04:25,2054,115,104,-1,0,0
03/06/2024 04:30,0,105,168,-1,0,0
03/06/2024 04:35,0,106,0,-1,0,0
03/06/2024 04:40,0,92,104,-1,0,0
03/06/2024 04:45,0,81,104,-1,0,0
03/06/2024 04:50,7523,79,166,-1,0,0
03/06/2024 04:55,0,81,0,-1,0,0
03/06/2024 05:00,0,78,104,10,0,0
03/06/2024 05:05,0,79,72,19,0,0
03/06/2024 05:10,0,78,72,-1,0,0
03/06/2024 05:15,0,73,0,19,0,0
03/06/2024 05:20,0,72,0,19,0,0
03/06/2024 05:25,0,76,72,13,0,0
03/06/2024 05:30,0,78,72,20,0,0
03/06/2024 05:35,0,77,136,15,0,0
03/06/2024 05:40,0,97,136,22,0,0
03/06/2024 05:45,16259,88,161,19,0,0
03/06/2024 05:50,0,76,0,18,0,0
03/06/2024 05:55,0,68,0,-1,0,0
03/06/2024 06:00,0,78,72,-1,0,0
03/06/2024 06:05,0,72,8,16,0,0
03/06/2024 06:10,0,71,104,-1,0,0
03/06/2024 06:15,0,70,72,21,0,0
03/06/2024 06:20,0,72,0,19,0,0
03/06/2024 06:25,8653,71,70,-1,0,0
03/06/2024 06:30,0,74,8,-1,0,0
03/06/2024 06:35,0,76,72,20,0,0
03/06/2024 06:40,9198,98,72,-1,0,0
03/06/2024 06:45,0,90,192,-1,1,0
03/06/2024 06:50,0,104,0,73,0,0
03/06/2024 06:55,0,86,168,22,0,0
03/06/2024 07:00,0,97,8,-2,0,0
03/06/2024 07:05,0,94,168,20,0,0
03/06/2024 07:10,0,118,104,24,0,0
03/06/2024 07:15,0,114,136,-2,1,0
03/06/2024 07:20,0,107,160,2,0,0
03/06/2024 07:25,17921,77,104,14,0,0
03/06/2024 07:30,0,81,104,20,0,0
03/06/2024 07:35,0,86,104,16,0,0
03/06/2024 07:40,0,86,104,22,0,0
03/06/2024 07:45,0,89,0,-2,0,0
03/06/2024 07:50,0,87,168,-2,0,0
03/06/2024 07:55,0,64,168,22,0,0
03/06/2024 08:00,0,66,200,-2,0,0
03/06/2024 08:05,0,62,0,-2,0,0
03/06/2024 08:10,0,68,168,-1,0,0
03/06/2024 08:15,0,66,8,-1,0,0
03/06/2024 08:20,0,65,136,-2,0,0
03/06/2024 08:25,0,64,168,51,0,0
03/06/2024 08:30,0,72,200,-2,0,0
03/06/2024 08:35,0,69,0,-2,1,0
03/06/2024 08:40,9,83,38,-2,1,0
03/06/2024 08:45,0,101,0,-2,1,0
03/06/2024 08:50,18542,99,72,54,0,0
03/06/2024 08:55,0,86,0,72,1,0
03/06/2024 09:00,0,91,136,46,0,0
03/06/2024 09:05,0,88,168,-2,1,0
03/06/2024 09:10,0,74,200,-2,1,0
03/06/2024 09:15,0,71,0,-2,1,0
03/06/2024 09:20,0,64,136,51,1,0
03/06/2024 09:25,0,67,0,-2,1,0
03/06/2024 09:30,0,63,0,89,0,0
03/06/2024 09:35,0,69,40,-2,1,0
03/06/2024 09:40,0,79,0,-2,0,0
03/06/2024 09:45,0,76,168,-2,1,0
03/06/2024 09:50,18611,82,6,-2,1,0
03/06/2024 09:55,0,65,0,-2,1,0
03/06/2024 10:00,0,64,0,-1,0,0
03/06/2024 10:05,0,64,0,51,0,0
03/06/2024 10:10,9605,65,136,-2,1,0
03/06/2024 10:15,0,67,0,63,0,0
03/06/2024 10:20,9938,66,70,52,0,0
03/06/2024 10:25,0,78,136,-2,1,0
03/06/2024 10:30,0,87,0,-2,1,0
03/06/2024 10:35,18671,86,102,-2,1,0
03/06/2024 10:40,0,85,0,-1,1,0
03/06/2024 10:45,0,88,0,-2,1,0
03/06/2024 10:50,0,85,136,72,1,0
03/06/2024 10:55,11221,73,104,-2,1,0
03/06/2024 11:00,0,66,0,-2,1,0
03/06/2024 11:05,0,63,0,-2,1,0
03/06/2024 11:10,0,91,0,-2,1,0
03/06/2024 11:15,0,86,0,-2,1,0
03/06/2024 11:20,0,90,0,-2,1,0
03/06/2024 11:25,12075,62,70,-2,1,0
03/06/2024 11:30,0,75,0,-2,1,0
03/06/2024 11:35,0,68,0,-1,1,0
03/06/2024 11:40,12593,61,70,-2,1,0
03/06/2024 11:45,0,81,0,-1,0,0
03/06/2024 11:50,0,88,136,-2,1,0
03/06/2024 11:55,0,78,0,-2,1,0
03/06/2024 12:00,0,76,136,48,0,0
03/06/2024 12:05,45,88,136,63,0,0
03/06/2024 12:10,173,91,70,66,0,0
03/06/2024 12:15,0,93,168,78,1,0
03/06/2024 12:20,0,94,168,-2,1,0
03/06/2024 12:25,13976,101,70,-2,1,0
03/06/2024 12:30,14093,99,70,60,0,0
03/06/2024 12:35,0,106,0,63,0,0
03/06/2024 12:40,0,105,0,-2,0,0
03/06/2024 12:45,0,98,0,33,0,0
03/06/2024 12:50,0,92,136,-2,1,0
03/06/2024 12:55,0,96,0,-2,1,0
03/06/2024 13:00,0,92,0,82,1,0
03/06/2024 13:05,0,88,72,-2,1,0
03/06/2024 13:10,15582,85,70,-1,1,0
03/06/2024 13:15,0,85,0,48,0,0
03/06/2024 13:20,0,84,136,-2,1,0
03/06/2024 13:25,0,85,0,-2,1,0
03/06/2024 13:30,16118,94,70,-2,1,0
03/06/2024 13:35,16139,93,136,-2,1,0
03/06/2024 13:40,63,89,136,89,0,0
03/06/2024 13:45,0,90,0,76,0,0
03/06/2024 13:50,0,78,136,-2,1,0
03/06/2024 13:55,0,94,104,-2,1,0
03/06/2024 14:00,0,106,136,57,0,0
03/06/2024 14:05,0,105,0,-2,1,0
03/06/2024 14:10,0,108,0,-2,1,0
03/06/2024 14:15,0,89,0,-2,0,0
03/06/2024 14:20,80,81,136,48,1,0
03/06/2024 14:25,0,90,136,-2,1,0
03/06/2024 14:30,0,86,104,56,0,0
03/06/2024 14:35,0,83,72,78,1,0
03/06/2024 14:40,0,92,0,-2,1,0
03/06/2024 14:45,0,99,0,75,1,0
03/06/2024 14:50,0,97,0,-2,1,0
03/06/2024 14:55,0,104,0,-2,1,0
03/06/2024 15:00,0,96,136,58,0,0
03/06/2024 15:05,0,97,0,63,0,0
03/06/2024 15:10,16233,83,70,33,0,0
03/06/2024 15:15,98,76,136,-2,1,0
03/06/2024 15:20,0,73,200,52,0,0
03/06/2024 15:25,0,87,200,-2,1,0
03/06/2024 15:30,145,102,134,-2,1,0
03/06/2024 15:35,6257,99,70,-2,1,0
03/06/2024 15:40,0,87,104,-1,1,0
03/06/2024 15:45,0,73,168,13,0,0
03/06/2024 15:50,24,76,38,47,0,0
03/06/2024 15:55,0,77,104,-1,1,0
03/06/2024 16:00,0,93,72,36,0,0
03/06/2024 16:05,0,95,0,25,0,0
03/06/2024 16:10,0,100,160,-1,0,0
03/06/2024 16:15,0,97,0,45,0,0
03/06/2024 16:20,0,90,104,15,0,0
03/06/2024 16:25,0,93,0,68,0,0
03/06/2024 16:30,194,104,6,36,0,0
03/06/2024 16:35,1569,94,70,47,0,0
03/06/2024 16:40,0,107,136,24,0,0
03/06/2024 16:45,1917,106,160,33,0,0
03/06/2024 16:50,0,90,8,67,0,0
03/06/2024 16:55,16571,79,160,51,0,0
03/06/2024 17:00,0,93,0,44,0,0
03/06/2024 17:05,0,106,0,24,0,0
03/06/2024 17:10,2453,110,70,52,0,0
03/06/2024 17:15,0,107,0,-1,0,0
03/06/2024 17:20,457,108,104,32,0,0
03/06/2024 17:25,2529,110,104,33,0,0
03/06/2024 17:30,0,106,192,33,0,0
03/06/2024 17:35,17812,111,198,33,0,0
03/06/2024 17:40,17822,111,192,23,0,0
03/06/2024 17:45,578,110,136,-1,0,0
03/06/2024 17:50,0,113,0,30,0,0
03/06/2024 17:55,298,108,65,-1,0,0
03/06/2024 18:00,0,109,136,-1,0,0
03/06/2024 18:05,17934,115,70,-2,0,0
03/06/2024 18:10,0,116,168,61,0,0
03/06/2024 18:15,0,113,0,-2,1,0
03/06/2024 18:20,18220,116,70,54,0,0
03/06/2024 18:25,0,99,104,51,1,0
03/06/2024 18:30,0,97,168,56,0,0
03/06/2024 18:35,0,109,0,62,0,0
03/06/2024 18:40,4191,110,104,54,0,0
03/06/2024 18:45,13461,103,136,-2,1,0
03/06/2024 18:50,4352,101,128,-2,1,0
03/06/2024 18:55,0,104,0,70,1,0
03/06/2024 19:00,0,82,72,60,1,0
03/06/2024 19:05,4446,84,136,29,0,0
03/06/2024 19:10,755,74,102,41,0,0
03/06/2024 19:15,800,91,136,-2,1,0
03/06/2024 19:20,0,82,0,-2,1,0
03/06/2024 19:25,0,81,0,-2,1,0
03/06/2024 19:30,0,80,136,-2,0,0
03/06/2024 19:35,4660,79,168,-2,1,0
03/06/2024 19:40,0,87,168,69,0,0
03/06/2024 19:45,0,100,168,48,1,0
03/06/2024 19:50,0,89,168,-2,0,0
03/06/2024 19:55,0,99,200,-1,0,0
03/06/2024 20:00,0,112,192,-1,0,0
03/06/2024 20:05,18602,103,160,24,0,0
03/06/2024 20:10,5840,86,104,-1,0,0
03/06/2024 20:15,0,80,104,32,0,0
03/06/2024 20:20,1180,80,136,30,0,0
03/06/2024 20:25,0,78,136,-1,0,0
03/06/2024 20:30,1199,84,70,-1,0,0
03/06/2024 20:35,1220,85,104,28,0,0
03/06/2024 20:40,0,71,72,36,0,0
03/06/2024 20:45,0,76,72,-2,1,0
03/06/2024 20:50,6226,95,70,-1,0,0
03/06/2024 20:55,0,93,104,-2,0,0
03/06/2024 21:00,0,96,0,-2,0,0
03/06/2024 21:05,1303,104,70,63,0,0
03/06/2024 21:10,0,108,0,33,0,0
03/06/2024 21:15,0,78,0,-1,0,0
03/06/2024 21:20,1545,91,136,-1,0,0
03/06/2024 21:25,0,97,104,-1,0,0
03/06/2024 21:30,0,96,72,41,0,0
03/06/2024 21:35,1674,82,72,-1,0,0
03/06/2024 21:40,1707,73,38,27,0,0
03/06/2024 21:45,0,74,72,-1,0,0
03/06/2024 21:50,6908,90,70,-1,0,0
03/06/2024 21:55,0,84,104,-1,0,0
03/06/2024 22:00,0,100,104,-2,0,0
03/06/2024 22:05,0,99,0,42,0,0
03/06/2024 22:10,18008,108,168,-1,0,0
03/06/2024 22:15,0,101,72,16,0,0
03/06/2024 22:20,18622,84,134,-1,0,0
03/06/2024 22:25,0,105,160,18,0,0
03/06/2024 22:30,8322,115,136,-1,0,0
03/06/2024 22:35,8436,95,70,-1,0,0
03/06/2024 22:40,8653,93,96,-1,0,0
03/06/2024 22:45,0,80,0,-1,0,0
03/06/2024 22:50,8672,103,70,-1,0,0
03/06/2024 22:55,18945,100,70,-1,0,0
03/06/2024 23:00,27973,87,8,-1,0,58
03/06/2024 23:05,19249,83,70,-1,0,0
03/06/2024 23:10,0,85,0,-1,0,0
03/06/2024 23:15,0,93,0,-1,0,0
03/06/2024 23:20,9335,91,70,-1,0,0
03/06/2024 23:25,0,104,8,-1,0,0
03/06/2024 23:30,0,111,104,21,0,0
03/06/2024 23:35,0,101,0,-1,0,0
03/06/2024 23:40,20192,101,104,25,0,0
03/06/2024 23:45,0,97,0,-1,0,0
03/06/2024 23:50,10368,88,70,21,0,0
03/06/2024 23:55,0,94,72,14,0,0
04/06/2024 00:00,0,94,0,-1,0,0
04/06/2024 00:05,10906,96,70,16,0,0
04/06/2024 00:10,0,95,0,17,0,0
04/06/2024 00:15,0,74,0,21,0,0
04/06/2024 00:20,0,88,8,21,0,0
04/06/2024 00:25,0,96,104,21,0,0
04/06/2024 00:30,0,102,0,5,0,0
04/06/2024 00:35,0,94,0,2,0,0
04/06/2024 00:40,12054,90,70,4,0,0
04/06/2024 00:45,0,87,0,4,0,0
04/06/2024 00:50,12286,103,104,4,0,0
04/06/2024 00:55,0,92,104,7,0,0
04/06/2024 01:00,0,103,72,10,0,0
04/06/2024 01:05,0,102,40,19,0,0
04/06/2024 01:10,0,81,0,-1,0,0
04/06/2024 01:15,0,75,136,31,0,0
04/06/2024 01:20,0,76,0,21,0,0
04/06/2024 01:25,0,72,0,-1,0,0
04/06/2024 01:30,13349,70,104,16,0,0
04/06/2024 01:35,0,76,128,18,0,0
04/06/2024 01:40,0,80,160,-1,0,0
04/06/2024 01:45,0,98,0,-1,0,0
04/06/2024 01:50,13602,96,104,19,0,0
04/06/2024 01:55,0,80,192,-1,0,0
04/06/2024 02:00,0,89,8,20,0,0
04/06/2024 02:05,0,88,136,-1,0,0
04/06/2024 02:10,13852,87,70,-1,0,0
04/06/2024 02:15,0,86,0,21,0,0
04/06/2024 02:20,0,95,0,-1,0,0
04/06/2024 02:25,14048,97,70,18,0,0
04/06/2024 02:30,14057,79,70,18,0,0
04/06/2024 02:35,0,73,0,18,0,0
04/06/2024 02:40,24209,64,70,6,0,0
04/06/2024 02:45,0,77,0,5,0,0
04/06/2024 02:50,0,75,136,7,0,0
04/06/2024 02:55,0,73,0,11,0,0
04/06/2024 03:00,0,94,8,10,0,0
04/06/2024 03:05,14106,98,104,5,0,0
04/06/2024 03:10,14324,96,70,3,0,0
04/06/2024 03:15,0,74,104,9,0,0
04/06/2024 03:20,0,68,136,13,0,0
04/06/2024 03:25,0,68,8,8,0,0
04/06/2024 03:30,0,71,104,17,0,0
04/06/2024 03:35,14932,65,70,3,0,0
04/06/2024 03:40,0,72,72,2,0,0
04/06/2024 03:45,0,66,0,2,0,0
04/06/2024 03:50,0,65,72,2,0,0
04/06/2024 03:55,0,65,0,0,0,0
04/06/2024 04:00,0,82,0,0,0,0
04/06/2024 04:05,0,77,104,2,0,0
04/06/2024 04:10,0,72,0,0,0,0
04/06/2024 04:15,0,71,72,15,0,0
04/06/2024 04:20,0,77,0,0,0,0
04/06/2024 04:25,0,67,0,1,0,0
04/06/2024 04:30,0,68,72,0,0,0
04/06/2024 04:35,0,72,8,1,0,0
04/06/2024 04:40,0,75,72,6,0,0
04/06/2024 04:45,0,68,0,6,0,0
04/06/2024 04:50,0,83,104,3,0,0
04/06/2024 04:55,0,79,104,3,0,0
04/06/2024 05:00,0,74,104,14,0,0
04/06/2024 05:05,0,68,8,1,0,0
04/06/2024 05:10,0,76,0,3,0,0
04/06/2024 05:15,16124,71,70,10,0,0
04/06/2024 05:20,16161,66,104,4,0,0
04/06/2024 05:25,0,71,0,3,0,0
04/06/2024 05:30,0,75,0,0,0,0
04/06/2024 05:35,0,70,0,1,0,0
04/06/2024 05:40,0,65,136,17,0,0
04/06/2024 05:45,0,66,72,2,0,0
04/06/2024 05:50,16866,70,70,2,0,0
04/06/2024 05:55,0,68,0,3,0,0
04/06/2024 06:00,0,69,0,3,0,0
04/06/2024 06:05,0,68,104,5,0,0
04/06/2024 06:10,0,68,0,4,0,0
04/06/2024 06:15,0,74,0,6,0,0
04/06/2024 06:20,0,75,0,2,0,0
04/06/2024 06:25,0,74,104,3,0,0
04/06/2024 06:30,0,76,8,12,0,0
04/06/2024 06:35,0,67,136,4,0,0
04/06/2024 06:40,0,66,72,5,0,0
04/06/2024 06:45,0,71,8,4,0,0
04/06/2024 06:50,18073,70,136,-2,1,0
04/06/2024 06:55,0,86,200,-2,1,0
04/06/2024 07:00,0,89,136,-2,1,0
04/06/2024 07:05,18167,68,70,-2,1,0
04/06/2024 07:10,18478,66,70,-2,1,0
04/06/2024 07:15,0,68,96,-2,1,0
04/06/2024 07:20,0,86,0,-2,1,0
04/06/2024 07:25,24643,87,70,-2,1,0
04/06/2024 07:30,24658,88,70,-2,1,0
04/06/2024 07:35,0,91,0,-1,0,0
04/06/2024 07:40,0,92,168,-2,1,0
04/06/2024 07:45,0,89,0,-2,1,0
04/06/2024 07:50,0,85,0,-2,1,0
04/06/2024 07:55,0,65,0,-2,0,0
04/06/2024 08:00,0,75,168,-2,1,0
04/06/2024 08:05,0,88,0,-1,0,0
04/06/2024 08:10,0,86,168,-2,0,0
04/06/2024 08:15,0,75,168,-1,0,0
04/06/2024 08:20,0,74,168,-2,1,0
04/06/2024 08:25,0,75,232,-2,1,0
04/06/2024 08:30,0,78,232,-2,0,0
04/06/2024 08:35,0,80,200,-2,0,0
04/06/2024 08:40,0,101,0,-2,1,0
04/06/2024 08:45,0,99,168,-2,1,0
04/06/2024 08:50,0,100,0,65,0,0
04/06/2024 08:55,0,95,136,83,1,0
04/06/2024 09:00,20134,91,168,-2,1,0
04/06/2024 09:05,0,79,192,-2,1,0
04/06/2024 09:10,20292,79,38,66,0,0
04/06/2024 09:15,0,78,0,-1,0,0
04/06/2024 09:20,0,66,0,59,0,0
04/06/2024 09:25,20493,69,70,-1,0,0
04/06/2024 09:30,0,73,0,-1,0,0
04/06/2024 09:35,0,79,136,16,0,0
04/06/2024 09:40,20853,84,70,-1,0,0
04/06/2024 09:45,0,85,104,-1,0,0
04/06/2024 09:50,13,77,136,83,0,0
04/06/2024 09:55,0,55,168,-2,1,0
04/06/2024 10:00,0,89,168,13,0,0
04/06/2024 10:05,0,91,0,-1,0,0
04/06/2024 10:10,0,95,0,48,0,0
04/06/2024 10:15,0,91,0,-1,0,0
04/06/2024 10:20,0,84,0,-1,0,0
04/06/2024 10:25,0,80,0,-1,0,0
04/06/2024 10:30,0,86,0,41,0,0
04/06/2024 10:35,21490,84,70,17,0,0
04/06/2024 10:40,0,88,0,16,0,0
04/06/2024 10:45,0,86,136,66,0,0
04/06/2024 10:50,0,92,0,45,0,0
04/06/2024 10:55,22198,75,70,17,0,0
04/06/2024 11:00,0,82,0,27,0,0
04/06/2024 11:05,0,69,0,30,0,0
04/06/2024 11:10,22474,67,70,40,0,0
04/06/2024 11:15,22501,57,136,-2,1,0
04/06/2024 11:20,0,64,168,65,0,0
04/06/2024 11:25,0,63,0,24,0,0
04/06/2024 11:30,0,63,0,-1,0,0
04/06/2024 11:35,0,65,0,20,0,0
04/06/2024 11:40,0,71,0,-1,0,0
04/06/2024 11:45,0,74,168,-2,1,0
04/06/2024 11:50,0,71,0,51,0,0
04/06/2024 11:55,0,67,0,14,0,0
04/06/2024 12:00,0,66,0,-1,0,0
04/06/2024 12:05,22656,71,136,-2,1,0
04/06/2024 12:10,22734,67,104,21,0,0
04/06/2024 12:15,0,64,0,33,0,0
04/06/2024 12:20,0,65,0,-1,0,0
04/06/2024 12:25,0,64,104,-1,0,0
04/06/2024 12:30,0,68,104,-1,0,0
04/06/2024 12:35,0,64,8,16,0,0
04/06/2024 12:40,0,85,72,48,0,0
04/06/2024 12:45,0,89,104,15,0,0
04/06/2024 12:50,23531,57,104,15,0,0
04/06/2024 12:55,0,56,104,-2,1,0
04/06/2024 13:00,27959,86,6,-2,0,0
04/06/2024 13:05,24045,79,168,36,0,0
04/06/2024 13:10,0,75,72,-1,0,0
04/06/2024 13:15,24137,85,70,-1,0,0
04/06/2024 13:20,24171,86,72,-1,0,0
04/06/2024 13:25,0,72,72,-1,0,0
04/06/2024 13:30,0,68,136,-2,0,0
04/06/2024 13:35,0,65,0,-2,0,0
04/06/2024 13:40,0,66,168,-1,0,0
04/06/2024 13:45,0,59,104,-1,0,0
04/06/2024 13:50,0,68,0,-1,0,0
04/06/2024 13:55,0,72,0,-1,0,0
04/06/2024 14:00,0,73,0,29,0,0
04/06/2024 14:05,0,69,104,-1,1,0
04/06/2024 14:10,24607,68,200,-2,0,0
04/06/2024 14:15,0,68,0,-2,1,0
04/06/2024 14:20,24634,66,70,-2,1,0
04/06/2024 14:25,0,66,0,-2,1,0
04/06/2024 14:30,0,68,72,-2,1,0
04/06/2024 14:35,0,65,40,-2,1,0
04/06/2024 14:40,0,74,0,-2,1,0
04/06/2024 14:45,0,92,0,-1,1,0
04/06/2024 14:50,0,95,0,70,0,0
04/06/2024 14:55,0,89,0,53,0,0
04/06/2024 15:00,0,98,0,45,0,0
04/06/2024 15:05,823,96,102,32,0,0
04/06/2024 15:10,27973,130,70,39,0,0
04/06/2024 15:15,0,123,0,37,0,0
04/06/2024 15:20,0,150,0,45,0,0
04/06/2024 15:25,0,124,0,25,0,0
04/06/2024 15:30,0,144,0,50,0,0
04/06/2024 15:35,1604,154,136,36,0,0
04/06/2024 15:40,0,147,0,52,0,0
04/06/2024 15:45,0,128,0,45,0,0
04/06/2024 15:50,0,114,0,33,0,0
04/06/2024 15:55,0,116,0,30,0,0
04/06/2024 16:00,0,115,0,38,0,0
04/06/2024 16:05,0,116,0,38,0,0
04/06/2024 16:10,0,112,0,42,0,0
04/06/2024 16:15,0,106,0,30,0,0
04/06/2024 16:20,0,108,0,-1,0,0
04/06/2024 16:25,0,115,104,28,0,0
04/06/2024 16:30,0,116,0,24,0,0
04/06/2024 16:35,0,113,104,30,0,0
04/06/2024 16:40,0,109,0,25,0,0
04/06/2024 16:45,0,104,0,-1,0,0
04/06/2024 16:50,0,101,0,-1,0,0
04/06/2024 16:55,4241,101,136,20,0,0
04/06/2024 17:00,0,111,160,20,0,0
04/06/2024 17:05,0,110,0,5,0,0
04/06/2024 17:10,0,106,104,11,0,0
04/06/2024 17:15,0,92,72,14,0,0
04/06/2024 17:20,0,96,104,12,0,0
04/06/2024 17:25,0,101,0,8,0,0
04/06/2024 17:30,0,92,104,5,0,0
04/06/2024 17:35,0,93,104,46,0,0
04/06/2024 17:40,0,93,0,16,0,0
04/06/2024 17:45,0,100,0,11,0,0
04/06/2024 17:50,0,102,0,-1,0,0
04/06/2024 17:55,0,102,0,-1,0,0
04/06/2024 18:00,0,101,0,4,0,0
04/06/2024 18:05,0,98,136,7,0,0
04/06/2024 18:10,0,106,136,-2,1,0
04/06/2024 18:15,0,88,200,-2,1,0
04/06/2024 18:20,0,100,168,-2,1,0
04/06/2024 18:25,0,104,200,77,0,0
04/06/2024 18:30,0,107,168,-2,0,0
04/06/2024 18:35,0,81,0,-2,0,0
04/06/2024 18:40,0,73,200,77,0,0
04/06/2024 18:45,0,84,168,-1,1,0
04/06/2024 18:50,0,88,200,64,0,0
04/06/2024 18:55,0,90,0,49,0,0
04/06/2024 19:00,0,98,168,-1,0,0
04/06/2024 19:05,8952,85,168,66,0,0
04/06/2024 19:10,0,89,168,44,0,0
04/06/2024 19:15,0,93,104,-2,1,0
04/06/2024 19:20,0,99,136,68,1,0
04/06/2024 19:25,0,89,0,76,0,0
04/06/2024 19:30,0,91,136,76,0,0
04/06/2024 19:35,0,94,0,70,0,0
04/06/2024 19:40,0,88,0,60,0,0
04/06/2024 19:45,0,83,200,-2,0,0
04/06/2024 19:50,0,93,136,85,0,0
04/06/2024 19:55,0,90,0,45,0,0
04/06/2024 20:00,0,93,168,43,0,0
04/06/2024 20:05,9006,96,168,-2,1,0
04/06/2024 20:10,0,93,168,-2,1,0
04/06/2024 20:15,9061,91,168,51,0,0
04/06/2024 20:20,0,94,168,54,0,0
04/06/2024 20:25,9126,96,70,76,0,0
04/06/2024 20:30,9144,83,168,-1,0,0
04/06/2024 20:35,9168,77,136,32,0,0
04/06/2024 20:40,9177,89,104,28,0,0
04/06/2024 20:45,0,94,0,20,0,0
04/06/2024 20:50,0,92,72,15,0,0
04/06/2024 20:55,5188,89,70,19,0,0
04/06/2024 21:00,9184,80,104,17,0,0
04/06/2024 21:05,25103,77,70,-1,0,0
04/06/2024 21:10,0,79,104,22,0,0
04/06/2024 21:15,25488,89,72,22,0,0
04/06/2024 21:20,0,92,72,-2,1,0
04/06/2024 21:25,9790,77,200,-2,1,0
04/06/2024 21:30,0,82,168,15,0,0
04/06/2024 21:35,9205,78,136,11,0,0
04/06/2024 21:40,25546,86,70,19,0,0
04/06/2024 21:45,10449,88,136,-1,0,0
04/06/2024 21:50,9796,86,104,22,0,0
04/06/2024 21:55,9323,67,136,37,0,0
04/06/2024 22:00,0,81,168,-2,0,0
04/06/2024 22:05,0,82,0,28,0,0
04/06/2024 22:10,0,91,168,-2,1,0
04/06/2024 22:15,0,101,136,24,0,0
04/06/2024 22:20,9866,102,70,15,0,0
04/06/2024 22:25,9471,92,102,22,0,0
04/06/2024 22:30,69,96,134,12,0,0
04/06/2024 22:35,25693,87,70,24,0,0
04/06/2024 22:40,9543,74,70,17,0,0
04/06/2024 22:45,9558,75,38,19,0,0
04/06/2024 22:50,0,93,0,18,0,0
04/06/2024 22:55,9579,88,102,14,0,0
04/06/2024 23:00,10513,80,8,19,0,58
04/06/2024 23:05,26511,84,104,17,0,0
04/06/2024 23:10,947,84,129,19,0,0
04/06/2024 23:15,9760,79,70,-1,0,0
04/06/2024 23:20,26522,82,129,-1,0,0
04/06/2024 23:25,0,82,8,19,0,0
04/06/2024 23:30,1318,77,104,10,0,0
04/06/2024 23:35,5232,87,129,6,0,0
04/06/2024 23:40,0,87,0,3,0,0
04/06/2024 23:45,0,84,0,2,0,0
04/06/2024 23:50,1567,70,104,3,0,0
04/06/2024 23:55,10289,74,72,4,0,0
05/06/2024 00:00,0,68,0,3,0,0
05/06/2024 00:05,26699,70,70,3,0,0
05/06/2024 00:10,0,69,40,3,0,0
05/06/2024 00:15,0,65,136,3,0,0
05/06/2024 00:20,0,64,0,5,0,0
05/06/2024 00:25,2842,75,102,5,0,0
05/06/2024 00:30,0,95,0,12,0,0
05/06/2024 00:35,27617,87,102,14,0,0
05/06/2024 00:40,9820,85,136,8,0,0
05/06/2024 00:45,27660,65,136,10,0,0
05/06/2024 00:50,0,65,0,16,0,0
05/06/2024 00:55,0,65,0,18,0,0
05/06/2024 01:00,9921,69,102,-1,0,0
05/06/2024 01:05,0,71,72,-1,0,0
05/06/2024 01:10,27703,74,102,21,0,0
05/06/2024 01:15,27719,66,102,18,0,0
05/06/2024 01:20,0,65,192,20,0,0
05/06/2024 01:25,27752,70,70,-1,0,0
05/06/2024 01:30,10406,94,160,-1,0,0
05/06/2024 01:35,27775,91,102,10,0,0
05/06/2024 01:40,10043,84,72,19,0,0
05/06/2024 01:45,27817,68,70,14,0,0
05/06/2024 01:50,0,64,104,14,0,0
05/06/2024 01:55,27870,67,102,14,0,0
05/06/2024 02:00,10201,66,70,10,0,0
05/06/2024 02:05,0,65,8,7,0,0
05/06/2024 02:10,10232,63,160,8,0,0
05/06/2024 02:15,0,67,104,15,0,0
05/06/2024 02:20,0,79,72,13,0,0
05/06/2024 02:25,10262,67,70,7,0,0
05/06/2024 02:30,4356,76,70,7,0,0
05/06/2024 02:35,0,71,104,18,0,0
05/06/2024 02:40,1639,68,129,12,0,0
05/06/2024 02:45,0,74,0,17,0,0
05/06/2024 02:50,10271,80,70,12,0,0
05/06/2024 02:55,0,93,72,6,0,0
05/06/2024 03:00,4520,90,134,14,0,0
05/06/2024 03:05,0,84,168,22,0,0
05/06/2024 03:10,0,81,72,15,0,0
05/06/2024 03:15,4648,70,166,15,0,0
05/06/2024 03:20,4661,67,102,21,0,0
05/06/2024 03:25,0,65,192,-1,0,0
05/06/2024 03:30,4685,66,70,-1,0,0
05/06/2024 03:35,0,66,0,-1,0,0
05/06/2024 03:40,0,65,0,21,0,0
05/06/2024 03:45,0,59,72,11,0,0
05/06/2024 03:50,0,72,8,11,0,0
05/06/2024 03:55,4864,81,102,8,0,0
05/06/2024 04:00,0,84,72,16,0,0
05/06/2024 04:05,0,93,8,10,0,0
05/06/2024 04:10,4892,86,128,7,0,0
05/06/2024 04:15,0,73,0,10,0,0
05/06/2024 04:20,0,69,0,4,0,0
05/06/2024 04:25,0,68,72,6,0,0
05/06/2024 04:30,0,66,0,8,0,0
05/06/2024 04:35,27944,64,102,8,0,0
05/06/2024 04:40,4904,68,104,24,0,0
05/06/2024 04:45,0,75,72,9,0,0
05/06/2024 04:50,0,70,104,5,0,0
05/06/2024 04:55,4972,73,102,3,0,0
05/06/2024 05:00,10296,66,38,6,0,0
05/06/2024 05:05,0,63,104,19,0,0
05/06/2024 05:10,4987,86,70,2,0,0
05/06/2024 05:15,0,87,136,17,0,0
05/06/2024 05:20,0,93,0,11,0,0
05/06/2024 05:25,0,90,72,13,0,0
05/06/2024 05:30,0,97,0,12,0,0
05/06/2024 05:35,0,92,72,4,0,0
05/06/2024 05:40,0,101,0,3,0,0
05/06/2024 05:45,10449,98,70,6,0,0
05/06/2024 05:50,0,100,0,3,0,0
05/06/2024 05:55,0,83,104,6,0,0
05/06/2024 06:00,0,99,0,14,0,0
05/06/2024 06:05,0,91,8,15,0,0
05/06/2024 06:10,0,115,8,-1,0,0
05/06/2024 06:15,0,115,104,11,0,0
05/06/2024 06:20,0,116,0,20,0,0
05/06/2024 06:25,0,118,136,16,0,0
05/06/2024 06:30,0,113,104,12,0,0
05/06/2024 06:35,8926,94,102,9,0,0
05/06/2024 06:40,0,92,8,9,0,0
05/06/2024 06:45,0,80,72,-1,0,0
05/06/2024 06:50,0,76,0,10,0,0
05/06/2024 06:55,0,75,0,10,0,0
05/06/2024 07:00,0,77,104,24,0,0
05/06/2024 07:05,0,76,8,14,0,0
05/06/2024 07:10,0,70,0,8,0,0
05/06/2024 07:15,0,71,104,16,0,0
05/06/2024 07:20,0,73,0,3,0,0
05/06/2024 07:25,10456,76,8,15,0,0
05/06/2024 07:30,6,73,136,-2,1,58
05/06/2024 07:35,10494,69,200,-2,0,0
05/06/2024 07:40,5138,74,102,90,0,0
05/06/2024 07:45,0,68,168,65,0,0
05/06/2024 07:50,1438,70,232,-2,1,0
05/06/2024 07:55,0,67,200,-2,1,0
05/06/2024 08:00,10513,74,70,90,0,0
05/06/2024 08:05,0,75,168,88,0,0
05/06/2024 08:10,0,73,200,-2,1,0
05/06/2024 08:15,0,71,0,87,0,0
05/06/2024 08:20,0,76,200,-2,0,0
05/06/2024 08:25,0,66,0,-2,1,0
05/06/2024 08:30,0,76,0,-1,0,0
05/06/2024 08:35,0,79,136,-2,1,0
05/06/2024 08:40,0,72,0,45,0,0
05/06/2024 08:45,0,69,0,43,0,0
05/06/2024 08:50,0,72,0,74,0,0
05/06/2024 08:55,0,74,168,78,0,0
05/06/2024 09:00,0,74,200,-2,1,0
05/06/2024 09:05,0,72,168,-2,0,0
05/06/2024 09:10,0,72,0,-2,1,0
05/06/2024 09:15,0,74,96,-2,1,0
05/06/2024 09:20,0,74,0,64,0,0
05/06/2024 09:25,0,73,0,18,0,0
05/06/2024 09:30,0,74,0,23,0,0
05/06/2024 09:35,0,68,0,29,0,0
05/06/2024 09:40,0,72,104,39,0,0
05/06/2024 09:45,0,70,104,-2,1,0
05/06/2024 09:50,0,68,0,-2,1,0
05/06/2024 09:55,0,67,0,-2,1,0
05/06/2024 10:00,0,78,0,93,0,0
05/06/2024 10:05,0,77,0,81,0,0
05/06/2024 10:10,0,76,136,-2,0,0
05/06/2024 10:15,0,64,200,81,1,0
05/06/2024 10:20,0,72,104,32,0,0
05/06/2024 10:25,0,85,72,-1,0,0
05/06/2024 10:30,0,74,0,27,0,0
05/06/2024 10:35,0,70,0,29,0,0
05/06/2024 10:40,0,67,0,28,0,0
05/06/2024 10:45,0,70,136,-1,0,0
05/06/2024 10:50,0,74,0,38,0,0
05/06/2024 10:55,0,70,104,-1,0,0
05/06/2024 11:00,0,71,136,-2,1,0
05/06/2024 11:05,0,70,0,31,0,0
05/06/2024 11:10,0,68,0,42,0,0
05/06/2024 11:15,0,64,136,25,0,0
05/06/2024 11:20,0,60,8,29,0,0
05/06/2024 11:25,0,60,0,77,0,0
05/06/2024 11:30,0,63,0,66,0,0
05/06/2024 11:35,0,79,136,39,0,0
05/06/2024 11:40,5220,70,38,51,0,0
05/06/2024 11:45,0,71,0,-1,0,0
05/06/2024 11:50,0,68,0,30,0,0
05/06/2024 11:55,0,75,136,23,0,0
05/06/2024 12:00,0,78,136,-2,1,0
05/06/2024 12:05,0,70,104,53,0,0
05/06/2024 12:10,0,69,136,-1,0,0
05/06/2024 12:15,0,72,136,24,0,0
05/06/2024 12:20,0,74,0,-1,0,0
05/06/2024 12:25,0,69,104,-2,1,0
05/06/2024 12:30,0,70,0,-2,1,0
05/06/2024 12:35,0,82,0,-2,1,0
05/06/2024 12:40,0,89,0,47,0,0
05/06/2024 12:45,0,84,0,66,0,0
05/06/2024 12:50,0,71,136,-2,1,0
05/06/2024 12:55,0,73,136,69,0,0
05/06/2024 13:00,0,65,0,60,0,0
05/06/2024 13:05,4076,64,70,-2,0,0
05/06/2024 13:10,5242,66,136,-2,0,0
05/06/2024 13:15,4149,64,70,51,0,0
05/06/2024 13:20,0,79,0,63,0,0
05/06/2024 13:25,0,90,0,46,0,0
05/06/2024 13:30,4158,83,136,33,0,0
05/06/2024 13:35,0,81,104,33,0,0
05/06/2024 13:40,0,87,104,28,0,0
05/06/2024 13:45,0,87,0,33,0,0
05/06/2024 13:50,0,81,0,32,0,0
05/06/2024 13:55,0,75,0,55,0,0
05/06/2024 14:00,0,75,104,71,0,0
05/06/2024 14:05,0,83,0,32,0,0
05/06/2024 14:10,5255,83,136,-2,1,0
05/06/2024 14:15,0,88,0,57,0,0
05/06/2024 14:20,0,76,104,37,0,0
05/06/2024 14:25,0,79,0,42,0,0
05/06/2024 14:30,0,78,104,30,0,0
05/06/2024 14:35,4695,80,70,51,0,0
05/06/2024 14:40,0,77,104,36,0,0
05/06/2024 14:45,0,88,0,61,0,0
05/06/2024 14:50,5154,85,104,31,0,0
05/06/2024 14:55,0,86,72,-1,0,0
05/06/2024 15:00,0,60,72,33,0,0
05/06/2024 15:05,0,78,136,32,0,0
05/06/2024 15:10,0,78,8,43,0,0
05/06/2024 15:15,0,79,104,63,0,0
05/06/2024 15:20,0,75,104,-1,0,0
05/06/2024 15:25,0,85,0,51,0,0
05/06/2024 15:30,5285,95,70,54,0,0
05/06/2024 15:35,5187,78,70,29,0,0
05/06/2024 15:40,0,70,0,-1,0,0
05/06/2024 15:45,0,72,0,42,0,0
05/06/2024 15:50,0,72,0,24,0,0
05/06/2024 15:55,0,71,0,31,0,0
05/06/2024 16:00,0,72,136,-1,0,0
05/06/2024 16:05,0,70,136,39,0,0
05/06/2024 16:10,0,69,40,-1,0,0
05/06/2024 16:15,0,70,104,31,0,0
05/06/2024 16:20,0,70,72,-1,0,0
05/06/2024 16:25,0,74,104,42,0,0
05/06/2024 16:30,0,69,104,-1,0,0
05/06/2024 16:35,0,84,104,27,0,0
05/06/2024 16:40,0,75,104,50,0,0
05/06/2024 16:45,0,71,104,-1,0,0
05/06/2024 16:50,5386,73,104,-1,0,0
05/06/2024 16:55,5457,95,72,15,0,0
05/06/2024 17:00,0,88,72,-1,0,0
05/06/2024 17:05,0,74,0,-1,0,0
05/06/2024 17:10,0,68,72,-1,0,0
05/06/2024 17:15,0,75,104,-1,0,0
05/06/2024 17:20,0,71,0,38,0,0
05/06/2024 17:25,0,73,104,-2,1,0
05/06/2024 17:30,0,72,0,52,0,0
05/06/2024 17:35,0,68,0,30,0,0
05/06/2024 17:40,0,70,0,-1,0,0
05/06/2024 17:45,0,73,136,2,0,0
05/06/2024 17:50,0,72,8,-1,0,0
05/06/2024 17:55,0,72,0,-1,0,0
05/06/2024 18:00,0,69,168,46,0,0
05/06/2024 18:05,0,82,8,-2,1,0
05/06/2024 18:10,0,84,0,-2,1,0
05/06/2024 18:15,0,70,0,-2,1,0
05/06/2024 18:20,5410,76,72,30,0,0
05/06/2024 18:25,0,75,72,-1,1,0
05/06/2024 18:30,0,64,104,45,0,0
05/06/2024 18:35,0,71,104,39,1,0
05/06/2024 18:40,0,79,104,-2,1,0
05/06/2024 18:45,0,74,0,-2,1,0
05/06/2024 18:50,0,73,0,-2,1,0
05/06/2024 18:55,0,84,0,-2,1,0
05/06/2024 19:00,0,91,168,-2,1,0
05/06/2024 19:05,0,85,0,62,0,0
05/06/2024 19:10,0,69,0,43,0,0
05/06/2024 19:15,0,68,168,63,0,0
05/06/2024 19:20,0,70,0,74,0,0
05/06/2024 19:25,0,73,168,-2,1,0
05/06/2024 19:30,0,78,168,-1,0,0
05/06/2024 19:35,0,78,72,-1,0,0
05/06/2024 19:40,0,73,8,-1,0,0
05/06/2024 19:45,0,68,136,-1,0,0
05/06/2024 19:50,0,66,40,-1,0,0
05/06/2024 19:55,0,67,0,-1,0,0
05/06/2024 20:00,0,65,168,-2,0,0
05/06/2024 20:05,0,71,168,79,1,0
05/06/2024 20:10,5456,72,136,-2,0,0
05/06/2024 20:15,0,69,136,-2,0,0
05/06/2024 20:20,5491,71,136,-2,1,0
05/06/2024 20:25,0,72,0,69,0,0
05/06/2024 20:30,0,70,168,16,0,0
05/06/2024 20:35,0,70,104,14,0,0
05/06/2024 20:40,6050,69,104,24,0,0
05/06/2024 20:45,0,71,104,-1,0,0
05/06/2024 20:50,0,61,104,12,0,0
05/06/2024 20:55,0,64,104,7,0,0
05/06/2024 21:00,0,63,104,9,0,0
05/06/2024 21:05,0,68,0,9,0,0
05/06/2024 21:10,7165,65,102,13,0,0
05/06/2024 21:15,0,66,0,36,0,0
05/06/2024 21:20,0,66,0,58,0,0
05/06/2024 21:25,7473,73,136,76,0,0
05/06/2024 21:30,0,67,0,10,0,0
05/06/2024 21:35,0,69,0,14,0,0
05/06/2024 21:40,0,71,136,15,0,0
05/06/2024 21:45,0,73,40,9,0,0
05/06/2024 21:50,0,108,104,14,0,0
05/06/2024 21:55,0,113,8,12,0,0
05/06/2024 22:00,0,105,168,5,0,0
05/06/2024 22:05,0,101,160,10,0,0
05/06/2024 22:10,8861,104,102,14,0,0
05/06/2024 22:15,0,97,0,16,0,0
05/06/2024 22:20,0,92,0,19,0,0
05/06/2024 22:25,0,100,0,-1,0,0
05/06/2024 22:30,0,98,0,-1,0,0
05/06/2024 22:35,0,104,0,-1,0,0
05/06/2024 22:40,0,97,0,-1,0,0
05/06/2024 22:45,0,95,104,17,0,0
05/06/2024 22:50,0,101,0,-1,0,0
05/06/2024 22:55,0,102,0,22,0,0
05/06/2024 23:00,8592,104,8,-1,0,58
05/06/2024 23:05,0,100,8,26,0,0
05/06/2024 23:10,0,99,104,42,1,0
05/06/2024 23:15,0,105,0,31,0,0
05/06/2024 23:20,0,92,0,29,0,0
05/06/2024 23:25,0,87,104,36,0,0
05/06/2024 23:30,0,110,0,-1,0,0
05/06/2024 23:35,0,107,0,-1,0,0
05/06/2024 23:40,0,115,136,-1,0,0
05/06/2024 23:45,965,113,102,19,0,0
05/06/2024 23:50,0,99,0,20,0,0
05/06/2024 23:55,0,72,0,-1,0,0
06/06/2024 00:00,0,75,0,-1,0,0
06/06/2024 00:05,0,56,8,-1,0,0
06/06/2024 00:10,0,80,0,-1,0,0
06/06/2024 00:15,0,73,0,-1,0,0
06/06/2024 00:20,0,87,104,20,0,0
06/06/2024 00:25,0,93,0,-1,0,0
06/06/2024 00:30,5524,92,102,-1,0,0
06/06/2024 00:35,0,91,8,-1,0,0
06/06/2024 00:40,1029,97,134,-1,0,0
06/06/2024 00:45,0,97,0,-1,0,0
06/06/2024 00:50,0,100,0,-1,0,0
06/06/2024 00:55,0,96,0,-1,0,0
06/06/2024 01:00,0,96,0,-1,0,0
06/06/2024 01:05,0,97,8,-1,0,0
06/06/2024 01:10,0,98,0,-1,0,0
06/06/2024 01:15,0,93,104,-1,0,0
06/06/2024 01:20,0,99,72,38,0,0
06/06/2024 01:25,0,91,0,37,0,0
06/06/2024 01:30,6921,73,102,-1,0,0
06/06/2024 01:35,0,67,104,29,0,0
06/06/2024 01:40,0,71,72,10,0,0
06/06/2024 01:45,0,73,72,12,0,0
06/06/2024 01:50,0,69,72,8,0,0
06/06/2024 01:55,0,99,0,7,0,0
06/06/2024 02:00,0,107,0,9,0,0
06/06/2024 02:05,0,111,8,6,0,0
06/06/2024 02:10,0,114,72,9,0,0
06/06/2024 02:15,0,114,0,10,0,0
06/06/2024 02:20,20,109,97,4,0,0
06/06/2024 02:25,0,105,0,7,0,0
06/06/2024 02:30,0,105,104,10,0,0
06/06/2024 02:35,0,105,104,12,0,0
06/06/2024 02:40,3586,110,104,14,0,0
06/06/2024 02:45,0,110,72,8,0,0
06/06/2024 02:50,0,106,0,12,0,0
06/06/2024 02:55,0,92,0,16,0,0
06/06/2024 03:00,8265,81,104,-1,0,0
06/06/2024 03:05,0,82,8,-1,0,0
06/06/2024 03:10,0,94,104,-1,0,0
06/06/2024 03:15,0,89,0,21,0,0
06/06/2024 03:20,0,88,104,-1,0,0
06/06/2024 03:25,0,93,0,-1,0,0
06/06/2024 03:30,0,68,104,42,0,0
06/06/2024 03:35,0,65,104,15,0,0
06/06/2024 03:40,0,67,0,9,0,0
06/06/2024 03:45,0,70,72,16,0,0
06/06/2024 03:50,0,71,0,3,0,0
06/06/2024 03:55,0,63,0,3,0,0
06/06/2024 04:00,0,67,0,3,0,0
06/06/2024 04:05,0,72,8,2,0,0
06/06/2024 04:10,0,68,0,1,0,0
06/06/2024 04:15,0,64,104,10,0,0
06/06/2024 04:20,0,69,0,8,0,0
06/06/2024 04:25,0,67,0,14,0,0
06/06/2024 04:30,8366,74,104,5,0,0
06/06/2024 04:35,0,93,104,16,0,0
06/06/2024 04:40,0,82,136,9,0,0
06/06/2024 04:45,8386,87,70,20,0,0
06/06/2024 04:50,0,91,104,22,0,0
06/06/2024 04:55,0,89,72,9,0,0
06/06/2024 05:00,0,86,104,5,0,0
06/06/2024 05:05,0,93,8,4,0,0
06/06/2024 05:10,0,84,72,17,0,0
06/06/2024 05:15,0,89,72,14,0,0
06/06/2024 05:20,5503,85,104,6,0,0
06/06/2024 05:25,0,79,0,3,0,0
06/06/2024 05:30,0,76,104,3,0,0
06/06/2024 05:35,0,83,0,1,0,0
06/06/2024 05:40,0,88,0,2,0,0
06/06/2024 05:45,0,82,0,1,0,0
06/06/2024 05:50,0,0,0,2,0,0
06/06/2024 05:55,0,66,72,8,0,0
06/06/2024 06:00,0,65,104,4,0,0
06/06/2024 06:05,0,68,72,10,0,0
06/06/2024 06:10,0,63,104,14,0,0
06/06/2024 06:15,0,61,104,8,0,0
06/06/2024 06:20,0,62,8,1,0,0
06/06/2024 06:25,0,63,136,-2,1,0
06/06/2024 06:30,0,62,168,-2,1,0
06/06/2024 06:35,0,62,168,-2,1,0
06/06/2024 06:40,0,63,0,-2,1,0
06/06/2024 06:45,0,64,0,-2,1,0
06/06/2024 06:50,0,63,0,-2,1,0
06/06/2024 06:55,0,68,0,-2,1,0
06/06/2024 07:00,0,83,0,-2,1,0
06/06/2024 07:05,0,83,0,-2,1,0
06/06/2024 07:10,0,71,8,-1,0,0
06/06/2024 07:15,0,90,168,-2,1,0
06/06/2024 07:20,0,92,0,-2,0,0
06/06/2024 07:25,0,93,0,-2,0,0
06/06/2024 07:30,0,95,0,-1,0,0
06/06/2024 07:35,0,116,136,-2,1,0
06/06/2024 07:40,0,113,200,-1,0,0
06/06/2024 07:45,0,129,168,96,0,0
06/06/2024 07:50,6853,125,102,-2,0,0
06/06/2024 07:55,76,152,102,-2,1,0
06/06/2024 08:00,6873,130,104,-1,0,0
06/06/2024 08:05,106,149,104,-1,0,0
06/06/2024 08:10,1585,154,129,-1,0,0
06/06/2024 08:15,0,158,0,-1,0,0
06/06/2024 08:20,6910,133,104,-2,1,0
06/06/2024 08:25,0,134,200,-2,1,0
06/06/2024 08:30,0,120,0,-2,0,0
06/06/2024 08:35,6930,121,168,-2,1,0
06/06/2024 08:40,841,122,200,89,0,0
06/06/2024 08:45,6958,99,168,-2,1,0
06/06/2024 08:50,6991,113,102,67,0,0
06/06/2024 08:55,634,112,129,67,0,0
06/06/2024 09:00,796,113,129,60,0,0
06/06/2024 09:05,3030,112,102,65,0,0
06/06/2024 09:10,0,113,0,-2,1,0
06/06/2024 09:15,7531,114,129,-2,1,0
06/06/2024 09:20,7648,105,70,-1,0,0
06/06/2024 09:25,0,99,0,-1,0,0
06/06/2024 09:30,0,89,0,-1,0,0
06/06/2024 09:35,8221,106,104,-1,1,0
06/06/2024 09:40,2066,104,102,-1,0,0
06/06/2024 09:45,0,103,128,74,0,0
06/06/2024 09:50,8245,117,136,-2,1,0
06/06/2024 09:55,2623,115,102,-2,1,0
06/06/2024 10:00,0,106,0,-2,0,0
06/06/2024 10:05,8256,108,192,73,0,0
06/06/2024 10:10,0,103,104,65,0,0
06/06/2024 10:15,0,105,224,63,0,0
06/06/2024 10:20,0,92,0,69,0,0
06/06/2024 10:25,2876,81,102,64,0,0
06/06/2024 10:30,0,80,224,-2,0,0
06/06/2024 10:35,2993,76,134,-2,0,0
06/06/2024 10:40,0,74,192,-2,1,0
06/06/2024 10:45,0,73,192,75,0,0
06/06/2024 10:50,3143,74,166,77,1,0
06/06/2024 10:55,8300,76,192,64,0,0
06/06/2024 11:00,3190,78,102,57,0,0
06/06/2024 11:05,0,99,136,67,0,0
06/06/2024 11:10,0,100,192,39,0,0
06/06/2024 11:15,0,91,0,40,0,0
06/06/2024 11:20,8357,97,104,31,0,0
06/06/2024 11:25,0,96,8,45,0,0
06/06/2024 11:30,3230,86,192,73,0,0
06/06/2024 11:35,3250,101,102,36,0,0
06/06/2024 11:40,0,97,0,-1,0,0
06/06/2024 11:45,0,98,160,-1,0,0
06/06/2024 11:50,0,89,0,-2,0,0
06/06/2024 11:55,0,105,192,-1,0,0
06/06/2024 12:00,6,96,168,-1,0,0
06/06/2024 12:05,0,80,0,-1,0,0
06/06/2024 12:10,42,77,102,-1,0,0
06/06/2024 12:15,0,84,192,-1,0,0
06/06/2024 12:20,0,75,168,-1,0,0
06/06/2024 12:25,3406,76,70,-1,0,0
06/06/2024 12:30,3417,75,70,-1,0,0
06/06/2024 12:35,3424,96,168,-2,0,0
06/06/2024 12:40,0,103,168,-2,0,0
06/06/2024 12:45,121,103,38,-2,0,0
06/06/2024 12:50,0,112,0,-2,0,0
06/06/2024 12:55,0,118,168,-2,0,0
06/06/2024 13:00,145,137,136,73,0,0
06/06/2024 13:05,0,132,0,56,0,0
06/06/2024 13:10,0,84,0,69,0,0
06/06/2024 13:15,255,83,102,-2,0,0
06/06/2024 13:20,0,85,0,61,0,0
06/06/2024 13:25,0,84,0,35,0,0
06/06/2024 13:30,5040,79,102,55,0,0
06/06/2024 13:35,8428,82,134,56,0,0
06/06/2024 13:40,5049,81,136,42,0,0
06/06/2024 13:45,8455,87,70,29,0,0
06/06/2024 13:50,0,83,0,48,0,0
06/06/2024 13:55,274,88,136,36,0,0
06/06/2024 14:00,0,116,0,33,0,0
06/06/2024 14:05,8489,121,70,62,0,0
06/06/2024 14:10,381,123,70,39,0,0
06/06/2024 14:15,3674,125,200,-2,1,0
06/06/2024 14:20,0,121,160,-2,1,0
06/06/2024 14:25,8509,115,70,-2,1,0
06/06/2024 14:30,0,87,0,-1,1,0
06/06/2024 14:35,3785,81,134,85,1,0
06/06/2024 14:40,0,80,192,66,0,0
06/06/2024 14:45,0,80,0,60,0,0
06/06/2024 14:50,0,76,72,53,0,0
06/06/2024 14:55,3800,78,72,57,1,0
06/06/2024 15:00,3809,77,160,81,1,0
06/06/2024 15:05,0,82,160,-2,1,0
06/06/2024 15:10,0,77,0,-2,1,0
06/06/2024 15:15,1000,78,200,67,0,0
06/06/2024 15:20,0,99,0,49,0,0
06/06/2024 15:25,0,93,104,56,0,0
06/06/2024 15:30,0,87,104,38,0,0
06/06/2024 15:35,0,89,136,13,0,0
06/06/2024 15:40,0,94,104,15,0,0
06/06/2024 15:45,0,102,0,-1,0,0
06/06/2024 15:50,0,88,104,41,0,0
06/06/2024 15:55,0,84,104,69,0,0
06/06/2024 16:00,3831,86,134,77,0,0
06/06/2024 16:05,0,103,168,95,0,0
06/06/2024 16:10,1009,83,104,42,0,0
06/06/2024 16:15,0,81,0,29,0,0
06/06/2024 16:20,0,80,0,49,0,0
06/06/2024 16:25,4658,82,102,26,0,0
06/06/2024 16:30,1081,84,104,35,0,0
06/06/2024 16:35,4996,79,168,54,0,0
06/06/2024 16:40,8551,73,168,-2,0,0
06/06/2024 16:45,5029,77,96,42,0,0
06/06/2024 16:50,0,75,0,41,0,0
06/06/2024 16:55,0,72,136,36,0,0
06/06/2024 17:00,0,70,104,-2,1,0
06/06/2024 17:05,0,70,0,-2,1,0
06/06/2024 17:10,0,76,136,57,0,0
06/06/2024 17:15,8563,81,136,42,0,0
06/06/2024 17:20,2272,83,102,-2,1,0
06/06/2024 17:25,0,85,136,57,0,0
06/06/2024 17:30,0,84,0,35,0,0
06/06/2024 17:35,0,87,0,36,0,0
06/06/2024 17:40,0,60,0,42,0,0
06/06/2024 17:45,0,62,0,33,0,0
06/06/2024 17:50,0,59,0,24,0,0
06/06/2024 17:55,8592,57,168,-2,0,0
06/06/2024 18:00,0,59,0,65,0,0
06/06/2024 18:05,0,57,0,57,0,0
06/06/2024 18:10,0,59,0,56,0,0
06/06/2024 18:15,0,61,0,60,0,0
06/06/2024 18:20,5935,62,102,66,0,0
06/06/2024 18:25,0,62,0,58,0,0
06/06/2024 18:30,0,63,0,52,0,0
06/06/2024 18:35,6336,65,102,50,0,0
06/06/2024 18:40,0,65,0,60,0,0
06/06/2024 18:45,2380,65,70,44,0,0
06/06/2024 18:50,0,66,0,49,0,0
06/06/2024 18:55,0,65,136,52,0,0
06/06/2024 19:00,0,64,136,-2,1,0
06/06/2024 19:05,3181,64,168,-2,1,0
06/06/2024 19:10,0,68,0,-1,1,0
06/06/2024 19:15,0,66,136,64,1,0
06/06/2024 19:20,0,67,136,40,0,0
06/06/2024 19:25,0,67,168,72,0,0
06/06/2024 19:30,0,67,160,53,1,0
06/06/2024 19:35,0,71,168,67,0,0
06/06/2024 19:40,0,66,136,-1,1,0
06/06/2024 19:45,0,85,200,-2,0,0
06/06/2024 19:50,0,81,0,42,0,0
06/06/2024 19:55,0,77,0,54,0,0
06/06/2024 20:00,3660,0,70,48,0,0
06/06/2024 20:05,6447,60,102,65,0,0
06/06/2024 20:10,0,59,0,48,0,0
06/06/2024 20:15,3738,78,136,48,0,0
06/06/2024 20:20,0,88,0,44,0,0
06/06/2024 20:25,0,88,0,55,0,0
06/06/2024 20:30,0,81,0,67,0,0
06/06/2024 20:35,0,80,136,39,0,0
06/06/2024 20:40,0,79,136,24,0,0
06/06/2024 20:45,6628,88,168,69,0,0
06/06/2024 20:50,0,87,168,-2,1,0
06/06/2024 20:55,0,55,136,-2,0,0
06/06/2024 21:00,0,58,200,35,0,0
06/06/2024 21:05,0,80,0,31,0,0
06/06/2024 21:10,0,71,72,-1,0,0
06/06/2024 21:15,6727,70,70,-1,0,0
06/06/2024 21:20,0,75,104,-1,0,0
06/06/2024 21:25,0,76,72,-1,0,0
06/06/2024 21:30,0,81,8,-1,0,0
06/06/2024 21:35,0,77,104,27,0,0
06/06/2024 21:40,0,65,136,43,0,0
06/06/2024 21:45,6922,84,168,72,1,0
06/06/2024 21:50,0,80,136,30,0,0
06/06/2024 21:55,0,74,72,30,0,0
06/06/2024 22:00,0,75,0,49,0,0
06/06/2024 22:05,0,74,0,-2,0,0
06/06/2024 22:10,0,75,168,80,1,0
06/06/2024 22:15,0,75,136,-2,1,0
06/06/2024 22:20,0,76,136,24,0,0
06/06/2024 22:25,0,71,104,23,0,0
06/06/2024 22:30,3808,69,72,19,0,0
06/06/2024 22:35,3879,80,134,21,0,0
06/06/2024 22:40,0,75,104,-1,0,0
06/06/2024 22:45,0,76,104,21,0,0
06/06/2024 22:50,6973,95,102,-1,0,0
06/06/2024 22:55,0,100,104,28,0,0
06/06/2024 23:00,11647,102,160,-1,0,59
06/06/2024 23:05,0,104,0,-1,0,0
06/06/2024 23:10,0,100,0,-1,0,0
06/06/2024 23:15,0,120,0,-1,0,0
06/06/2024 23:20,0,116,0,-1,0,0
06/06/2024 23:25,0,94,72,18,0,0
06/06/2024 23:30,0,92,8,-1,0,0
06/06/2024 23:35,0,93,72,21,0,0
06/06/2024 23:40,0,81,0,18,0,0
06/06/2024 23:45,0,79,0,18,0,0
06/06/2024 23:50,0,81,72,17,0,0
06/06/2024 23:55,0,77,0,14,0,0
07/06/2024 00:00,0,62,0,13,0,0
07/06/2024 00:05,0,76,8,-1,0,0
07/06/2024 00:10,0,78,0,20,0,0
07/06/2024 00:15,0,83,104,13,0,0
07/06/2024 00:20,8433,86,102,21,0,0
07/06/2024 00:25,0,92,0,18,0,0
07/06/2024 00:30,0,102,8,17,0,0
07/06/2024 00:35,0,109,72,17,0,0
07/06/2024 00:40,0,112,0,16,0,0
07/06/2024 00:45,0,101,0,19,0,0
07/06/2024 00:50,9570,96,104,9,0,0
07/06/2024 00:55,0,81,104,15,0,0
07/06/2024 01:00,0,61,0,9,0,0
07/06/2024 01:05,0,75,8,8,0,0
07/06/2024 01:10,0,77,0,8,0,0
07/06/2024 01:15,0,75,0,5,0,0
07/06/2024 01:20,0,81,0,5,0,0
07/06/2024 01:25,0,71,0,9,0,0
07/06/2024 01:30,0,64,8,4,0,0
07/06/2024 01:35,0,63,136,-1,0,0
07/06/2024 01:40,0,64,0,-1,0,0
07/06/2024 01:45,0,65,0,-1,0,0
07/06/2024 01:50,0,64,0,-1,0,0
07/06/2024 01:55,0,64,0,-1,0,0
07/06/2024 02:00,0,74,104,16,0,0
07/06/2024 02:05,0,81,8,16,0,0
07/06/2024 02:10,0,84,136,16,0,0
07/06/2024 02:15,0,83,72,13,0,0
07/06/2024 02:20,0,85,0,15,0,0
07/06/2024 02:25,9609,105,102,19,0,0
07/06/2024 02:30,0,116,0,17,0,0
07/06/2024 02:35,0,112,104,11,0,0
07/06/2024 02:40,0,80,0,14,0,0
07/06/2024 02:45,0,78,104,13,0,0
07/06/2024 02:50,0,76,40,10,0,0
07/06/2024 02:55,0,76,0,16,0,0
07/06/2024 03:00,32,77,104,7,0,0
07/06/2024 03:05,0,76,8,21,0,0
07/06/2024 03:10,0,71,0,16,0,0
07/06/2024 03:15,0,77,0,19,0,0
07/06/2024 03:20,0,72,0,24,0,0
07/06/2024 03:25,0,76,104,10,0,0
07/06/2024 03:30,0,83,136,6,0,0
07/06/2024 03:35,6829,80,102,11,0,0
07/06/2024 03:40,9700,86,102,14,0,0
07/06/2024 03:45,0,90,104,17,0,0
07/06/2024 03:50,0,79,8,11,0,0
07/06/2024 03:55,0,75,104,12,0,0
07/06/2024 04:00,0,71,0,8,0,0
07/06/2024 04:05,0,73,8,12,0,0
07/06/2024 04:10,0,71,72,15,0,0
07/06/2024 04:15,0,73,168,36,1,0
07/06/2024 04:20,0,85,136,-1,0,0
07/06/2024 04:25,9795,101,192,-1,0,0
07/06/2024 04:30,0,108,0,-1,0,0
07/06/2024 04:35,0,113,104,-1,0,0
07/06/2024 04:40,9983,81,136,10,0,0
07/06/2024 04:45,0,74,0,12,0,0
07/06/2024 04:50,0,79,72,9,0,0
07/06/2024 04:55,0,93,0,4,0,0
07/06/2024 05:00,0,95,0,3,0,0
07/06/2024 05:05,0,98,8,3,0,0
07/06/2024 05:10,0,89,104,4,0,0
07/06/2024 05:15,0,79,0,13,0,0
07/06/2024 05:20,0,73,72,11,0,0
07/06/2024 05:25,0,71,136,24,0,0
07/06/2024 05:30,0,68,0,12,0,0
07/06/2024 05:35,0,72,0,14,0,0
07/06/2024 05:40,0,73,72,17,0,0
07/06/2024 05:45,0,71,104,11,0,0
07/06/2024 05:50,0,69,0,10,0,0
07/06/2024 05:55,0,69,0,12,0,0
07/06/2024 06:00,0,65,8,14,0,0
07/06/2024 06:05,0,70,104,15,0,0
07/06/2024 06:10,0,101,40,23,0,0
07/06/2024 06:15,0,110,0,-1,0,0
07/06/2024 06:20,0,89,0,18,0,0
07/06/2024 06:25,0,80,104,24,0,0
07/06/2024 06:30,0,78,104,7,0,0
07/06/2024 06:35,0,81,8,9,0,0
07/06/2024 06:40,0,76,104,4,0,0
07/06/2024 06:45,0,78,104,3,0,0
07/06/2024 06:50,0,75,0,7,0,0
07/06/2024 06:55,0,77,104,9,0,0
07/06/2024 07:00,0,79,72,6,0,0
07/06/2024 07:05,0,83,8,6,0,0
07/06/2024 07:10,0,83,0,12,0,0
07/06/2024 07:15,0,78,72,14,0,0
07/06/2024 07:20,0,77,104,22,0,0
07/06/2024 07:25,7040,76,102,13,0,0
07/06/2024 07:30,0,73,104,14,0,0
07/06/2024 07:35,0,78,0,-1,0,0
07/06/2024 07:40,0,76,104,63,0,0
07/06/2024 07:45,0,84,72,-1,0,0
07/06/2024 07:50,0,72,72,20,0,0
07/06/2024 07:55,0,84,104,22,0,0
07/06/2024 08:00,0,83,104,-1,0,0
07/06/2024 08:05,0,80,136,-1,0,0
07/06/2024 08:10,8338,76,200,-2,1,0
07/06/2024 08:15,0,73,0,-2,1,0
07/06/2024 08:20,0,82,200,83,0,0
07/06/2024 08:25,8375,95,200,-2,1,0
07/06/2024 08:30,0,90,200,-2,1,0
07/06/2024 08:35,0,94,200,-2,1,0
07/06/2024 08:40,0,102,0,42,0,0
07/06/2024 08:45,0,96,104,58,1,0
07/06/2024 08:50,0,79,0,51,0,0
07/06/2024 08:55,0,85,104,30,0,0
07/06/2024 09:00,0,82,168,-2,0,0
07/06/2024 09:05,0,75,72,31,0,0
07/06/2024 09:10,0,85,72,-1,0,0
07/06/2024 09:15,0,79,0,31,0,0
07/06/2024 09:20,0,77,104,43,0,0
07/06/2024 09:25,8384,86,70,30,0,0
07/06/2024 09:30,0,83,104,-1,0,0
07/06/2024 09:35,0,85,104,-1,0,0
07/06/2024 09:40,11292,87,70,67,0,0
07/06/2024 09:45,0,90,0,39,0,0
07/06/2024 09:50,0,86,0,27,0,0
07/06/2024 09:55,0,89,104,-1,0,0
07/06/2024 10:00,0,83,0,-1,0,0
07/06/2024 10:05,0,79,104,-1,0,0
07/06/2024 10:10,0,81,0,20,0,0
07/06/2024 10:15,9555,79,104,-2,1,0
07/06/2024 10:20,0,78,232,-2,0,0
07/06/2024 10:25,0,81,200,-2,1,0
07/06/2024 10:30,0,86,0,26,0,0
07/06/2024 10:35,0,83,0,-1,0,0
07/06/2024 10:40,0,76,0,-1,0,0
07/06/2024 10:45,0,80,0,-1,0,0
07/06/2024 10:50,0,73,0,54,0,0
07/06/2024 10:55,0,69,104,39,0,0
07/06/2024 11:00,0,75,0,46,0,0
07/06/2024 11:05,9600,73,136,24,0,0
07/06/2024 11:10,0,76,0,19,0,0
07/06/2024 11:15,0,80,0,13,0,0
07/06/2024 11:20,0,79,0,23,0,0
07/06/2024 11:25,0,84,104,14,0,0
07/06/2024 11:30,0,93,104,66,0,0
07/06/2024 11:35,0,68,0,19,0,0
07/06/2024 11:40,0,66,0,18,0,0
07/06/2024 11:45,0,76,0,20,0,0
07/06/2024 11:50,0,85,0,24,0,0
07/06/2024 11:55,0,88,0,-1,0,0
07/06/2024 12:00,0,90,0,17,0,0
07/06/2024 12:05,11519,88,104,-2,0,0
07/06/2024 12:10,11530,82,168,-2,0,0
07/06/2024 12:15,0,97,168,-2,0,0
07/06/2024 12:20,0,93,0,42,0,0
07/06/2024 12:25,0,70,0,36,0,0
07/06/2024 12:30,0,68,0,30,0,0
07/06/2024 12:35,0,67,136,-1,0,0
07/06/2024 12:40,0,66,8,-1,0,0
07/06/2024 12:45,0,65,72,-2,0,0
07/06/2024 12:50,9621,66,200,-1,0,0
07/06/2024 12:55,0,70,160,24,0,0
07/06/2024 13:00,9634,69,134,28,0,0
07/06/2024 13:05,0,62,104,-1,0,0
07/06/2024 13:10,0,67,0,-1,0,0
07/06/2024 13:15,0,59,0,-1,0,0
07/06/2024 13:20,0,67,0,-1,0,0
07/06/2024 13:25,0,69,104,48,1,0
07/06/2024 13:30,0,67,200,-2,1,0
07/06/2024 13:35,0,69,200,-2,0,0
07/06/2024 13:40,0,73,104,20,0,0
07/06/2024 13:45,11555,78,70,45,0,0
07/06/2024 13:50,0,86,136,-2,1,0
07/06/2024 13:55,0,74,136,24,0,0
07/06/2024 14:00,0,69,0,25,0,0
07/06/2024 14:05,0,71,104,-1,0,0
07/06/2024 14:10,0,69,8,-1,0,0
07/06/2024 14:15,0,59,104,33,0,0
07/06/2024 14:20,9641,74,6,-1,0,0
07/06/2024 14:25,0,91,0,23,0,0
07/06/2024 14:30,9687,87,70,12,0,0
07/06/2024 14:35,0,88,0,21,0,0
07/06/2024 14:40,0,87,104,18,0,0
07/06/2024 14:45,0,89,0,29,0,0
07/06/2024 14:50,0,83,104,16,0,0
07/06/2024 14:55,0,86,168,80,1,0
07/06/2024 15:00,0,70,0,43,0,0
07/06/2024 15:05,0,65,0,36,0,0
07/06/2024 15:10,0,69,104,20,0,0
07/06/2024 15:15,0,67,104,16,0,0
07/06/2024 15:20,0,70,0,22,0,0
07/06/2024 15:25,0,72,0,24,0,0
07/06/2024 15:30,0,79,0,11,0,0
07/06/2024 15:35,0,73,104,49,0,0
07/06/2024 15:40,9759,68,136,16,0,0
07/06/2024 15:45,0,67,0,11,0,0
07/06/2024 15:50,0,67,0,29,0,0
07/06/2024 15:55,9974,66,70,30,0,0
07/06/2024 16:00,0,64,160,-2,0,0
07/06/2024 16:05,0,67,136,-2,0,0
07/06/2024 16:10,0,70,168,2,0,0
07/06/2024 16:15,0,78,0,4,0,0
07/06/2024 16:20,0,78,104,7,0,0
07/06/2024 16:25,0,97,72,15,0,0
07/06/2024 16:30,0,100,8,12,0,0
07/06/2024 16:35,0,101,0,18,0,0
07/06/2024 16:40,10426,92,104,17,0,0
07/06/2024 16:45,249,0,104,21,0,0
07/06/2024 16:50,10621,104,70,13,0,0
07/06/2024 16:55,0,97,104,16,0,0
07/06/2024 17:00,0,100,8,-1,0,0
07/06/2024 17:05,0,98,104,53,0,0
07/06/2024 17:10,392,96,38,9,0,0
07/06/2024 17:15,0,94,0,-1,0,0
07/06/2024 17:20,0,102,136,-1,0,0
07/06/2024 17:25,0,83,104,19,0,0
07/06/2024 17:30,0,74,0,19,0,0
07/06/2024 17:35,0,73,200,78,1,0
07/06/2024 17:40,0,86,40,19,0,0
07/06/2024 17:45,0,79,0,-1,0,0
07/06/2024 17:50,0,74,104,17,0,0
07/06/2024 17:55,0,73,40,16,0,0
07/06/2024 18:00,0,78,8,12,0,0
07/06/2024 18:05,0,99,72,7,0,0
07/06/2024 18:10,0,93,136,-1,0,0
07/06/2024 18:15,0,73,104,-1,0,0
07/06/2024 18:20,10634,84,70,-1,0,0
07/06/2024 18:25,1263,69,192,-1,0,0
07/06/2024 18:30,10677,70,104,-1,0,0
07/06/2024 18:35,0,68,0,-2,0,0
07/06/2024 18:40,0,69,168,-2,1,0
07/06/2024 18:45,0,71,168,75,0,0
07/06/2024 18:50,0,69,0,62,0,0
07/06/2024 18:55,0,70,0,47,0,0
07/06/2024 19:00,0,76,168,-2,1,0
07/06/2024 19:05,0,81,40,51,0,0
07/06/2024 19:10,0,66,0,65,1,0
07/06/2024 19:15,0,92,0,-1,1,0
07/06/2024 19:20,0,88,104,-2,1,0
07/06/2024 19:25,0,91,104,-2,1,0
07/06/2024 19:30,1455,81,70,78,1,0
07/06/2024 19:35,0,85,200,-1,0,0
07/06/2024 19:40,0,79,136,63,0,0
07/06/2024 19:45,0,72,0,44,0,0
07/06/2024 19:50,1355,76,136,59,0,0
07/06/2024 19:55,63,88,97,-1,0,0
07/06/2024 20:00,0,96,72,-1,0,0
07/06/2024 20:05,1407,95,70,-1,0,0
07/06/2024 20:10,0,76,168,-2,0,0
07/06/2024 20:15,0,83,168,-2,0,0
07/06/2024 20:20,0,78,168,-2,1,0
07/06/2024 20:25,0,92,168,13,0,0
07/06/2024 20:30,2357,91,200,-2,1,0
07/06/2024 20:35,0,83,200,-2,1,0
07/06/2024 20:40,0,86,200,-2,0,0
07/06/2024 20:45,0,97,200,-2,1,0
07/06/2024 20:50,1600,99,136,9,0,0
07/06/2024 20:55,0,97,104,2,0,0
07/06/2024 21:00,1763,96,70,2,0,0
07/06/2024 21:05,3183,96,104,1,0,0
07/06/2024 21:10,0,88,0,11,0,0
07/06/2024 21:15,0,80,40,17,0,0
07/06/2024 21:20,0,79,72,17,0,0
07/06/2024 21:25,0,80,72,5,0,0
07/06/2024 21:30,0,79,104,15,0,0
07/06/2024 21:35,2344,77,70,9,0,0
07/06/2024 21:40,10722,81,104,5,0,0
07/06/2024 21:45,0,74,104,2,0,0
07/06/2024 21:50,10843,76,70,7,0,0
07/06/2024 21:55,2495,68,104,37,0,0
07/06/2024 22:00,0,78,72,16,0,0
07/06/2024 22:05,0,80,40,12,0,0
07/06/2024 22:10,11119,80,72,18,0,0
07/06/2024 22:15,3470,78,136,26,0,0
07/06/2024 22:20,3028,88,72,6,0,0
07/06/2024 22:25,11155,91,72,8,0,0
07/06/2024 22:30,11192,89,72,13,0,0
07/06/2024 22:35,3345,90,102,9,0,0
07/06/2024 22:40,3189,84,40,14,0,0
07/06/2024 22:45,0,68,72,12,0,0
07/06/2024 22:50,11201,73,70,20,0,0
07/06/2024 22:55,0,86,72,14,0,0
07/06/2024 23:00,3497,87,168,-2,1,59
07/06/2024 23:05,0,81,136,-2,1,0
07/06/2024 23:10,11214,84,198,17,0,0
07/06/2024 23:15,0,81,72,9,0,0
07/06/2024 23:20,0,74,104,23,0,0
07/06/2024 23:25,11223,74,72,19,0,0
07/06/2024 23:30,0,71,0,28,0,0
07/06/2024 23:35,0,66,0,33,0,0
07/06/2024 23:40,0,66,104,2,0,0
07/06/2024 23:45,0,64,0,6,0,0
07/06/2024 23:50,11313,68,70,5,0,0
07/06/2024 23:55,0,74,0,7,0,0
08/06/2024 00:00,0,69,0,10,0,0
08/06/2024 00:05,0,69,104,20,0,0
08/06/2024 00:10,0,68,8,16,0,0
08/06/2024 00:15,3232,61,70,-1,0,0
08/06/2024 00:20,0,78,8,-1,0,0
08/06/2024 00:25,3265,90,104,16,0,0
08/06/2024 00:30,0,95,0,19,0,0
08/06/2024 00:35,3284,85,38,42,0,0
08/06/2024 00:40,3301,91,104,18,0,0
08/06/2024 00:45,0,84,0,18,0,0
08/06/2024 00:50,0,74,136,-1,0,0
08/06/2024 00:55,0,69,72,-1,0,0
08/06/2024 01:00,220,67,72,15,0,0
08/06/2024 01:05,0,73,136,-1,0,0
08/06/2024 01:10,0,69,0,12,0,0
08/06/2024 01:15,3382,66,70,-1,0,0
08/06/2024 01:20,11324,68,134,28,0,0
08/06/2024 01:25,3412,65,104,-1,0,0
08/06/2024 01:30,347,66,104,-1,0,0
08/06/2024 01:35,3425,85,102,-1,0,0
08/06/2024 01:40,0,88,0,-1,0,0
08/06/2024 01:45,371,87,102,-1,0,0
08/06/2024 01:50,0,70,72,19,0,0
08/06/2024 01:55,3437,73,70,14,0,0
08/06/2024 02:00,425,66,70,19,0,0
08/06/2024 02:05,0,69,8,19,0,0
08/06/2024 02:10,0,69,0,17,0,0
08/06/2024 02:15,0,68,0,17,0,0
08/06/2024 02:20,11443,74,134,18,0,0
08/06/2024 02:25,0,66,104,25,0,0
08/06/2024 02:30,445,68,70,-1,0,0
08/06/2024 02:35,0,67,0,-1,0,0
08/06/2024 02:40,0,65,0,19,0,0
08/06/2024 02:45,11452,64,102,-1,0,0
08/06/2024 02:50,11478,67,104,18,0,0
08/06/2024 02:55,0,65,0,22,0,0
08/06/2024 03:00,11506,88,70,18,0,0
08/06/2024 03:05,527,86,102,24,0,0
08/06/2024 03:10,0,95,0,20,0,0
08/06/2024 03:15,540,93,70,20,0,0
08/06/2024 03:20,0,92,0,20,0,0
08/06/2024 03:25,1003,88,6,17,0,0
08/06/2024 03:30,0,67,72,12,0,0
08/06/2024 03:35,0,76,40,9,0,0
08/06/2024 03:40,0,74,0,10,0,0
08/06/2024 03:45,0,65,72,4,0,0
08/06/2024 03:50,0,70,0,3,0,0
08/06/2024 03:55,0,86,0,3,0,0
08/06/2024 04:00,0,96,0,5,0,0
08/06/2024 04:05,0,76,8,10,0,0
08/06/2024 04:10,0,96,104,9,0,0
08/06/2024 04:15,0,93,104,13,0,0
08/06/2024 04:20,0,65,0,7,0,0
08/06/2024 04:25,0,66,136,14,0,0
08/06/2024 04:30,0,68,0,20,0,0
08/06/2024 04:35,0,67,104,13,0,0
08/06/2024 04:40,0,74,136,23,0,0
08/06/2024 04:45,0,72,0,-1,0,0
08/06/2024 04:50,0,68,104,19,0,0
08/06/2024 04:55,551,72,134,12,0,0
08/06/2024 05:00,0,71,0,17,0,0
08/06/2024 05:05,0,71,8,15,0,0
08/06/2024 05:10,0,65,72,20,0,0
08/06/2024 05:15,0,62,0,18,0,0
08/06/2024 05:20,0,62,0,16,0,0
08/06/2024 05:25,0,69,0,20,0,0
08/06/2024 05:30,0,67,72,14,0,0
08/06/2024 05:35,0,63,0,12,0,0
08/06/2024 05:40,3470,67,104,-1,0,0
08/06/2024 05:45,1092,71,38,-1,0,0
08/06/2024 05:50,0,64,0,-1,0,0
08/06/2024 05:55,11585,91,70,-1,0,0
08/06/2024 06:00,1144,88,102,-1,0,0
08/06/2024 06:05,0,68,104,21,0,0
08/06/2024 06:10,0,71,104,-1,0,0
08/06/2024 06:15,0,70,104,41,0,0
08/06/2024 06:20,0,72,72,13,0,0
08/06/2024 06:25,0,69,8,20,0,0
08/06/2024 06:30,0,65,72,-1,0,0
08/06/2024 06:35,0,73,0,16,0,0
08/06/2024 06:40,0,66,104,15,0,0
08/06/2024 06:45,0,70,136,19,0,0
08/06/2024 06:50,0,66,0,16,0,0
08/06/2024 06:55,0,70,72,-1,0,0
08/06/2024 07:00,583,71,104,28,0,0
08/06/2024 07:05,659,73,70,-1,0,0
08/06/2024 07:10,11634,73,230,54,0,0
08/06/2024 07:15,0,69,104,39,0,0
08/06/2024 07:20,0,76,104,41,0,0
08/06/2024 07:25,11647,64,72,-1,0,0
08/06/2024 07:30,11,64,104,-1,0,0
08/06/2024 07:35,739,72,104,-1,0,0
08/06/2024 07:40,0,68,104,12,0,0
08/06/2024 07:45,0,79,8,39,0,0
08/06/2024 07:50,0,72,136,15,0,0
08/06/2024 07:55,0,67,72,-1,0,0
08/06/2024 08:00,0,70,104,13,0,0
08/06/2024 08:05,0,65,104,-1,0,0
08/06/2024 08:10,0,80,104,15,0,0
08/06/2024 08:15,1167,87,104,20,0,0
08/06/2024 08:20,0,83,0,-1,0,0
08/06/2024 08:25,0,80,168,30,0,0
08/06/2024 08:30,0,65,168,-1,0,0
08/06/2024 08:35,0,68,168,29,1,0
08/06/2024 08:40,0,70,168,60,1,0
08/06/2024 08:45,0,67,0,81,1,0
08/06/2024 08:50,3497,67,168,72,0,0
08/06/2024 08:55,0,65,0,-2,0,0
08/06/2024 09:00,0,63,200,-2,1,0
08/06/2024 09:05,26,61,232,74,0,0
08/06/2024 09:10,0,63,168,66,0,0
08/06/2024 09:15,0,74,0,-2,1,0
08/06/2024 09:20,0,66,168,-2,1,0
08/06/2024 09:25,0,61,200,75,0,0
08/06/2024 09:30,0,66,0,29,0,0
08/06/2024 09:35,0,71,0,40,0,0
08/06/2024 09:40,0,63,136,51,0,0
08/06/2024 09:45,0,63,104,-2,1,0
08/06/2024 09:50,0,64,0,89,1,0
08/06/2024 09:55,0,69,0,53,0,0
08/06/2024 10:00,0,64,0,48,0,0
08/06/2024 10:05,0,63,168,-2,1,0
08/06/2024 10:10,0,65,0,61,1,0
08/06/2024 10:15,0,79,0,-1,0,0
08/06/2024 10:20,0,77,104,-1,0,0
08/06/2024 10:25,0,79,104,68,1,0
08/06/2024 10:30,0,61,104,-2,1,0
08/06/2024 10:35,0,67,136,-2,1,0
08/06/2024 10:40,28,66,129,-2,1,0
08/06/2024 10:45,0,67,168,-2,1,0
08/06/2024 10:50,0,65,0,-2,1,0
08/06/2024 10:55,0,64,0,-2,1,0
08/06/2024 11:00,0,66,0,71,0,0
08/06/2024 11:05,0,60,168,56,0,0
08/06/2024 11:10,0,68,72,62,0,0
08/06/2024 11:15,1226,69,168,-2,1,0
08/06/2024 11:20,0,86,72,-1,0,0
08/06/2024 11:25,0,74,136,60,1,0
08/06/2024 11:30,0,68,0,56,0,0
08/06/2024 11:35,0,68,0,58,0,0
08/06/2024 11:40,0,70,168,71,1,0
08/06/2024 11:45,0,63,0,76,0,0
08/06/2024 11:50,0,63,168,78,0,0
08/06/2024 11:55,0,65,104,23,0,0
08/06/2024 12:00,0,64,0,20,0,0
08/06/2024 12:05,0,63,72,-2,0,0
08/06/2024 12:10,0,62,168,-2,1,0
08/06/2024 12:15,35,63,200,-2,0,0
08/06/2024 12:20,0,83,168,23,0,0
08/06/2024 12:25,0,76,8,12,0,0
08/06/2024 12:30,0,63,0,20,0,0
08/06/2024 12:35,0,64,0,-2,0,0
08/06/2024 12:40,756,64,136,41,0,0
08/06/2024 12:45,0,61,200,-2,1,0
08/06/2024 12:50,0,68,200,-2,0,0
08/06/2024 12:55,0,70,200,-2,1,0
08/06/2024 13:00,779,79,70,51,0,0
08/06/2024 13:05,3686,74,168,-2,1,0
08/06/2024 13:10,0,86,0,5,0,0
08/06/2024 13:15,0,87,136,35,1,0
08/06/2024 13:20,0,89,0,78,0,0
08/06/2024 13:25,0,90,168,75,1,0
08/06/2024 13:30,0,93,168,-2,1,0
08/06/2024 13:35,3818,80,70,68,0,0
08/06/2024 13:40,3701,78,102,40,0,0
08/06/2024 13:45,0,77,0,37,0,0
08/06/2024 13:50,0,81,0,39,0,0
08/06/2024 13:55,0,85,104,30,0,0
08/06/2024 14:00,3724,77,104,38,0,0
08/06/2024 14:05,0,58,0,63,0,0
08/06/2024 14:10,0,59,104,51,0,0
08/06/2024 14:15,0,70,0,75,0,0
08/06/2024 14:20,0,80,136,89,1,0
08/06/2024 14:25,0,88,72,79,1,0
08/06/2024 14:30,3917,86,102,63,0,0
08/06/2024 14:35,0,84,168,-2,0,0
08/06/2024 14:40,818,99,168,70,1,0
08/06/2024 14:45,3849,108,72,32,0,0
08/06/2024 14:50,0,104,104,30,0,0
08/06/2024 14:55,0,91,104,-1,0,0
08/06/2024 15:00,0,74,72,-1,0,0
08/06/2024 15:05,0,76,0,35,0,0
08/06/2024 15:10,3871,78,38,-1,0,0
08/06/2024 15:15,0,73,0,-1,0,0
08/06/2024 15:20,0,75,168,70,0,0
08/06/2024 15:25,0,75,168,83,0,0
08/06/2024 15:30,0,77,0,-2,0,0
08/06/2024 15:35,0,74,200,68,0,0
08/06/2024 15:40,3923,73,6,-1,0,0
08/06/2024 15:45,0,69,104,-1,0,0
08/06/2024 15:50,0,70,8,23,0,0
08/06/2024 15:55,3980,80,136,52,0,0
08/06/2024 16:00,4098,74,168,-2,1,0
08/06/2024 16:05,0,75,136,-2,1,0
08/06/2024 16:10,0,82,168,-2,1,0
08/06/2024 16:15,0,84,0,-1,0,0
08/06/2024 16:20,0,91,0,-1,0,0
08/06/2024 16:25,4135,98,70,-1,0,0
08/06/2024 16:30,0,86,0,-1,0,0
08/06/2024 16:35,0,86,104,-1,0,0
08/06/2024 16:40,0,77,168,-1,1,0
08/06/2024 16:45,950,78,168,69,1,0
08/06/2024 16:50,0,91,0,53,0,0
08/06/2024 16:55,961,92,136,-1,0,0
08/06/2024 17:00,988,95,72,-1,0,0
08/06/2024 17:05,0,82,104,-1,0,0
08/06/2024 17:10,0,70,0,51,0,0
08/06/2024 17:15,0,66,168,-2,1,0
08/06/2024 17:20,0,66,0,43,0,0
08/06/2024 17:25,0,67,0,44,0,0
08/06/2024 17:30,0,66,0,-1,0,0
08/06/2024 17:35,0,67,0,54,0,0
08/06/2024 17:40,0,70,0,54,0,0
08/06/2024 17:45,0,69,0,60,0,0
08/06/2024 17:50,1033,70,70,73,0,0
08/06/2024 17:55,1078,71,136,72,1,0
08/06/2024 18:00,0,72,168,-2,1,0
08/06/2024 18:05,0,70,0,74,0,0
08/06/2024 18:10,0,71,0,56,0,0
08/06/2024 18:15,0,68,168,39,0,0
08/06/2024 18:20,0,71,136,45,0,0
08/06/2024 18:25,0,82,168,-2,1,0
08/06/2024 18:30,4311,84,70,-2,1,0
08/06/2024 18:35,0,92,136,58,0,0
08/06/2024 18:40,4203,106,70,19,0,0
08/06/2024 18:45,4630,112,136,37,0,0
08/06/2024 18:50,0,97,104,51,0,0
08/06/2024 18:55,0,92,136,75,0,0
08/06/2024 19:00,0,74,8,70,0,0
08/06/2024 19:05,0,67,0,56,0,0
08/06/2024 19:10,0,66,0,72,0,0
08/06/2024 19:15,4255,65,104,56,0,0
08/06/2024 19:20,0,72,136,75,0,0
08/06/2024 19:25,4273,69,136,73,0,0
08/06/2024 19:30,0,78,0,47,0,0
08/06/2024 19:35,0,75,0,51,0,0
08/06/2024 19:40,4673,98,70,-2,0,0
08/06/2024 19:45,0,89,0,54,0,0
08/06/2024 19:50,0,99,136,51,0,0
08/06/2024 19:55,0,96,104,49,0,0
08/06/2024 20:00,4785,96,166,-1,1,0
08/06/2024 20:05,0,94,104,90,0,0
08/06/2024 20:10,4824,87,104,90,1,0
08/06/2024 20:15,0,70,40,95,0,0
08/06/2024 20:20,0,75,104,90,0,0
08/06/2024 20:25,0,71,0,97,0,0
08/06/2024 20:30,0,72,104,87,1,0
08/06/2024 20:35,0,76,136,92,0,0
08/06/2024 20:40,0,71,136,95,0,0
08/06/2024 20:45,0,68,0,90,0,0
08/06/2024 20:50,0,90,136,95,0,0
08/06/2024 20:55,4881,80,134,95,0,0
08/06/2024 21:00,0,80,104,69,0,0
08/06/2024 21:05,5047,86,134,-2,1,0
08/06/2024 21:10,0,83,0,-2,1,0
08/06/2024 21:15,0,80,0,52,0,0
08/06/2024 21:20,0,80,0,31,0,0
08/06/2024 21:25,0,74,0,39,0,0
08/06/2024 21:30,0,72,0,28,0,0
08/06/2024 21:35,0,67,136,-2,0,0
08/06/2024 21:40,0,66,168,-2,0,0
08/06/2024 21:45,0,64,0,72,0,0
08/06/2024 21:50,0,67,0,-2,0,0
08/06/2024 21:55,0,65,168,-2,1,0
08/06/2024 22:00,0,86,200,19,0,0
08/06/2024 22:05,4660,82,70,-1,0,0
08/06/2024 22:10,0,76,104,19,0,0
08/06/2024 22:15,0,88,72,-2,0,0
08/06/2024 22:20,0,85,0,5,0,0
08/06/2024 22:25,0,72,168,0,0,0
08/06/2024 22:30,0,76,40,2,0,0
08/06/2024 22:35,0,72,72,2,0,0
08/06/2024 22:40,0,75,72,18,0,0
08/06/2024 22:45,0,71,104,10,0,0
08/06/2024 22:50,0,73,136,22,0,0
08/06/2024 22:55,0,80,40,64,0,0
08/06/2024 23:00,7682,75,168,-1,0,59
08/06/2024 23:05,0,78,168,48,0,0
08/06/2024 23:10,0,76,0,1,0,0
08/06/2024 23:15,0,84,0,3,0,0
08/06/2024 23:20,0,77,0,3,0,0
08/06/2024 23:25,4696,96,70,2,0,0
08/06/2024 23:30,0,94,0,6,0,0
08/06/2024 23:35,0,93,0,4,0,0
08/06/2024 23:40,4756,98,72,4,0,0
08/06/2024 23:45,5300,91,70,1,0,0
08/06/2024 23:50,0,98,72,4,0,0
08/06/2024 23:55,0,100,0,12,0,0
09/06/2024 00:00,0,99,8,13,0,0
09/06/2024 00:05,0,103,72,19,0,0
09/06/2024 00:10,5309,83,70,-1,0,0
09/06/2024 00:15,0,88,8,49,0,0
09/06/2024 00:20,0,81,136,72,1,0
09/06/2024 00:25,0,94,136,2,0,0
09/06/2024 00:30,0,95,0,0,0,0
09/06/2024 00:35,0,98,0,8,0,0
09/06/2024 00:40,1199,99,70,-1,0,0
09/06/2024 00:45,903,95,72,21,0,0
09/06/2024 00:50,0,91,8,29,0,0
09/06/2024 00:55,6195,77,72,17,0,0
09/06/2024 01:00,0,82,0,17,0,0
09/06/2024 01:05,0,76,104,10,0,0
09/06/2024 01:10,0,73,72,11,0,0
09/06/2024 01:15,4961,80,134,18,0,0
09/06/2024 01:20,0,76,0,19,0,0
09/06/2024 01:25,0,74,40,14,0,0
09/06/2024 01:30,0,88,72,-1,0,0
09/06/2024 01:35,0,94,0,-1,0,0
09/06/2024 01:40,5060,98,102,-1,0,0
09/06/2024 01:45,0,99,72,-1,0,0
09/06/2024 01:50,0,81,0,-1,0,0
09/06/2024 01:55,0,79,0,-1,0,0
09/06/2024 02:00,0,82,0,-1,0,0
09/06/2024 02:05,0,84,72,30,0,0
09/06/2024 02:10,0,94,72,-1,0,0
09/06/2024 02:15,0,86,0,-1,0,0
09/06/2024 02:20,6227,81,104,-1,0,0
09/06/2024 02:25,0,88,0,-1,0,0
09/06/2024 02:30,1656,88,38,51,0,0
09/06/2024 02:35,6256,86,104,-1,0,0
09/06/2024 02:40,0,84,0,36,0,0
09/06/2024 02:45,5073,80,136,20,0,0
09/06/2024 02:50,0,82,0,-1,0,0
09/06/2024 02:55,0,90,40,24,0,0
09/06/2024 03:00,0,94,0,14,0,0
09/06/2024 03:05,5093,100,104,-1,0,0
09/06/2024 03:10,5152,90,102,17,0,0
09/06/2024 03:15,5175,90,70,20,0,0
09/06/2024 03:20,0,98,72,17,0,0
09/06/2024 03:25,1209,88,6,20,0,0
09/06/2024 03:30,0,107,0,-1,0,0
09/06/2024 03:35,0,109,0,-1,0,0
09/06/2024 03:40,0,99,0,-1,0,0
09/06/2024 03:45,0,98,8,-1,0,0
09/06/2024 03:50,0,99,72,18,0,0
09/06/2024 03:55,0,100,0,19,0,0
09/06/2024 04:00,0,102,0,20,0,0
09/06/2024 04:05,6433,91,38,22,0,0
09/06/2024 04:10,6466,106,104,-1,0,0
09/06/2024 04:15,0,111,8,-1,0,0
09/06/2024 04:20,0,108,136,-1,0,0
09/06/2024 04:25,3496,105,104,-1,0,0
09/06/2024 04:30,0,119,8,-1,0,0
09/06/2024 04:35,0,119,104,-1,0,0
09/06/2024 04:40,0,112,128,-1,0,0
09/06/2024 04:45,3533,96,102,16,0,0
09/06/2024 04:50,0,105,104,-1,0,0
09/06/2024 04:55,0,106,0,-1,0,0
09/06/2024 05:00,1243,109,72,24,0,0
09/06/2024 05:05,0,110,8,-1,0,0
09/06/2024 05:10,5205,107,70,-1,0,0
09/06/2024 05:15,5216,105,104,-1,0,0
09/06/2024 05:20,5248,113,102,-1,0,0
09/06/2024 05:25,5262,112,104,20,0,0
09/06/2024 05:30,6526,130,134,16,0,0
09/06/2024 05:35,0,119,72,-1,0,0
09/06/2024 05:40,3606,109,128,17,0,0
09/06/2024 05:45,0,95,104,18,0,0
09/06/2024 05:50,0,114,0,15,0,0
09/06/2024 05:55,0,122,136,51,0,0
09/06/2024 06:00,0,123,8,45,0,0
09/06/2024 06:05,0,125,136,38,0,0
09/06/2024 06:10,3615,93,72,31,0,0
09/06/2024 06:15,0,74,104,30,0,0
09/06/2024 06:20,3633,82,40,-1,0,0
09/06/2024 06:25,5322,83,72,-1,0,0
09/06/2024 06:30,0,86,72,-1,0,0
09/06/2024 06:35,3673,73,70,30,0,0
09/06/2024 06:40,0,73,104,14,0,0
09/06/2024 06:45,0,70,104,9,0,0
09/06/2024 06:50,0,73,8,14,0,0
09/06/2024 06:55,6066,81,104,13,0,0
09/06/2024 07:00,6148,83,70,6,0,0
09/06/2024 07:05,0,86,104,19,0,0
09/06/2024 07:10,0,85,0,15,0,0
09/06/2024 07:15,6208,87,38,-1,0,0
09/06/2024 07:20,0,85,8,-1,0,0
09/06/2024 07:25,0,85,72,-1,0,0
09/06/2024 07:30,0,87,104,-1,0,0
09/06/2024 07:35,6215,83,38,17,0,0
09/06/2024 07:40,0,79,0,13,0,0
09/06/2024 07:45,0,64,0,17,0,0
09/06/2024 07:50,0,63,72,-1,0,0
09/06/2024 07:55,0,60,0,18,0,0
09/06/2024 08:00,0,65,104,27,0,0
09/06/2024 08:05,0,63,8,-1,0,0
09/06/2024 08:10,0,64,72,-1,0,0
09/06/2024 08:15,0,77,104,30,0,0
09/06/2024 08:20,0,71,104,-1,0,0
09/06/2024 08:25,0,65,72,42,0,0
09/06/2024 08:30,0,67,0,25,0,0
09/06/2024 08:35,0,63,0,-1,0,0
09/06/2024 08:40,0,61,40,40,0,0
09/06/2024 08:45,0,62,72,51,0,0
09/06/2024 08:50,0,53,168,-2,1,0
09/06/2024 08:55,0,60,104,33,0,0
09/06/2024 09:00,0,61,0,-1,0,0
09/06/2024 09:05,0,60,104,-1,0,0
09/06/2024 09:10,0,64,136,-1,0,0
09/06/2024 09:15,0,58,0,42,0,0
09/06/2024 09:20,0,69,104,-1,0,0
09/06/2024 09:25,0,65,0,56,0,0
09/06/2024 09:30,0,66,0,35,0,0
09/06/2024 09:35,0,76,0,50,0,0
09/06/2024 09:40,0,69,136,39,0,0
09/06/2024 09:45,0,74,104,-1,0,0
09/06/2024 09:50,0,68,72,-2,0,0
09/06/2024 09:55,0,71,168,12,0,0
09/06/2024 10:00,0,70,104,13,0,0
09/06/2024 10:05,0,69,72,22,0,0
09/06/2024 10:10,0,68,136,50,0,0
09/06/2024 10:15,0,65,0,84,0,0
09/06/2024 10:20,0,67,0,82,0,0
09/06/2024 10:25,0,70,0,84,0,0
09/06/2024 10:30,0,69,0,87,0,0
09/06/2024 10:35,0,66,0,87,0,0
09/06/2024 10:40,0,67,0,88,0,0
09/06/2024 10:45,0,65,136,87,0,0
09/06/2024 10:50,0,67,136,-2,0,0
09/06/2024 10:55,0,68,0,96,0,0
09/06/2024 11:00,0,71,104,93,0,0
09/06/2024 11:05,0,72,136,95,0,0
09/06/2024 11:10,0,86,168,96,0,0
09/06/2024 11:15,0,90,0,53,0,0
09/06/2024 11:20,0,68,72,78,0,0
09/06/2024 11:25,6390,68,70,70,0,0
09/06/2024 11:30,6403,69,136,72,0,0
09/06/2024 11:35,0,66,136,77,0,0
09/06/2024 11:40,0,67,0,89,0,0
09/06/2024 11:45,0,68,32,-2,0,0
09/06/2024 11:50,0,68,168,-2,0,0
09/06/2024 11:55,0,65,200,-2,0,0
09/06/2024 12:00,0,66,168,-2,1,0
09/06/2024 12:05,0,68,232,-2,0,0
09/06/2024 12:10,0,69,232,-2,0,0
09/06/2024 12:15,0,77,200,-2,1,0
09/06/2024 12:20,54,86,200,-2,0,0
09/06/2024 12:25,0,87,168,87,1,0
09/06/2024 12:30,0,81,0,-2,0,0
09/06/2024 12:35,0,75,200,-2,0,0
09/06/2024 12:40,6496,73,38,74,0,0
09/06/2024 12:45,0,73,0,66,0,0
09/06/2024 12:50,0,75,136,-2,1,0
09/06/2024 12:55,73,70,200,90,0,0
09/06/2024 13:00,0,66,136,30,0,0
09/06/2024 13:05,0,65,168,82,0,0
09/06/2024 13:10,64,72,136,-1,0,0
09/06/2024 13:15,6507,85,38,80,0,0
09/06/2024 13:20,126,80,38,75,0,0
09/06/2024 13:25,60,66,70,80,0,0
09/06/2024 13:30,69,64,6,81,0,0
09/06/2024 13:35,0,61,0,87,0,0
09/06/2024 13:40,0,63,128,84,0,0
09/06/2024 13:45,203,63,38,86,0,0
09/06/2024 13:50,0,67,0,80,0,0
09/06/2024 13:55,0,92,0,82,0,0
09/06/2024 14:00,0,108,192,-2,1,0
09/06/2024 14:05,283,89,161,-2,0,0
09/06/2024 14:10,292,87,96,-2,0,0
09/06/2024 14:15,0,91,0,-1,0,0
09/06/2024 14:20,131,96,161,-1,0,0
09/06/2024 14:25,0,91,136,-1,0,0
09/06/2024 14:30,0,101,136,-1,0,0
09/06/2024 14:35,383,97,200,-2,1,0
09/06/2024 14:40,0,89,0,-2,0,0
09/06/2024 14:45,0,94,168,-2,0,0
09/06/2024 14:50,546,100,200,72,0,0
09/06/2024 14:55,7538,96,193,-2,0,0
09/06/2024 15:00,578,101,198,-2,0,0
09/06/2024 15:05,0,105,8,-2,0,0
09/06/2024 15:10,599,97,70,-2,0,0
09/06/2024 15:15,0,107,0,-2,0,0
09/06/2024 15:20,0,123,0,-2,0,0
09/06/2024 15:25,0,113,0,-2,0,0
09/06/2024 15:30,0,103,0,-2,0,0
09/06/2024 15:35,796,107,102,-2,0,0
09/06/2024 15:40,807,99,70,-2,0,0
09/06/2024 15:45,0,108,0,-2,0,0
09/06/2024 15:50,857,117,70,-2,0,0
09/06/2024 15:55,884,109,128,-2,0,0
09/06/2024 16:00,0,103,0,-2,0,0
09/06/2024 16:05,0,74,8,-2,0,0
09/06/2024 16:10,7571,76,102,-2,0,0
09/06/2024 16:15,7581,87,102,-2,0,0
09/06/2024 16:20,0,88,0,-2,0,0
09/06/2024 16:25,7598,82,38,-2,0,0
09/06/2024 16:30,92,84,70,-2,0,0
09/06/2024 16:35,0,81,0,-2,0,0
09/06/2024 16:40,0,86,0,-2,0,0
09/06/2024 16:45,317,93,102,-2,0,0
09/06/2024 16:50,918,97,38,-2,0,0
09/06/2024 16:55,0,101,0,-2,0,0
09/06/2024 17:00,0,95,0,-2,0,0
09/06/2024 17:05,945,89,38,-2,0,0
09/06/2024 17:10,7652,90,38,-2,0,0
09/06/2024 17:15,0,93,0,-2,0,0
09/06/2024 17:20,7666,96,70,-2,0,0
09/06/2024 17:25,1228,89,70,-2,0,0
09/06/2024 17:30,0,88,0,-2,0,0
09/06/2024 17:35,529,63,166,-2,0,0
09/06/2024 17:40,197,99,38,-2,0,0
09/06/2024 17:45,0,100,160,-2,0,0
09/06/2024 17:50,719,101,70,-2,0,0
09/06/2024 17:55,0,99,0,-2,0,0
09/06/2024 18:00,0,96,0,-2,0,0
09/06/2024 18:05,1262,96,102,-2,0,0
09/06/2024 18:10,0,95,0,-2,0,0
09/06/2024 18:15,0,102,0,-2,0,0
09/06/2024 18:20,0,99,0,-2,0,0
09/06/2024 18:25,1639,95,70,-2,0,0
09/06/2024 18:30,0,101,0,-2,0,0
09/06/2024 18:35,0,102,0,-2,0,0
09/06/2024 18:40,0,105,0,-2,0,0
09/06/2024 18:45,0,99,0,-2,0,0
09/06/2024 18:50,0,93,0,-2,0,0
09/06/2024 18:55,0,83,0,-2,0,0
09/06/2024 19:00,0,85,0,-2,0,0
09/06/2024 19:05,1697,78,38,-2,0,0
09/06/2024 19:10,0,97,0,-2,0,0
09/06/2024 19:15,0,102,0,-2,0,0
09/06/2024 19:20,1736,100,38,-2,0,0
09/06/2024 19:25,0,83,128,-2,0,0
09/06/2024 19:30,0,82,0,-2,0,0
09/06/2024 19:35,0,68,0,-2,0,0
09/06/2024 19:40,0,92,0,-2,0,0
09/06/2024 19:45,0,88,128,-2,0,0
09/06/2024 19:50,0,88,96,-2,0,0
09/06/2024 19:55,2251,90,96,-2,0,0
09/06/2024 20:00,0,85,128,-2,0,0
09/06/2024 20:05,2433,84,70,-2,0,0
09/06/2024 20:10,0,81,0,-2,0,0
09/06/2024 20:15,0,88,0,-2,0,0
09/06/2024 20:20,0,87,128,-2,0,0
09/06/2024 20:25,7682,87,136,24,0,0
09/06/2024 20:30,267,88,38,-1,0,0
09/06/2024 20:35,3279,89,72,21,0,0
09/06/2024 20:40,3416,87,102,20,0,0
09/06/2024 20:45,0,97,72,16,0,0
09/06/2024 20:50,0,100,0,12,0,0
09/06/2024 20:55,0,62,104,23,0,0
09/06/2024 21:00,3441,91,168,-1,0,0
09/06/2024 21:05,0,93,104,28,0,0
09/06/2024 21:10,0,96,104,14,0,0
09/06/2024 21:15,0,92,136,12,0,0
09/06/2024 21:20,0,96,0,12,0,0
09/06/2024 21:25,299,102,70,9,0,0
09/06/2024 21:30,0,115,0,12,0,0
09/06/2024 21:35,0,123,0,19,0,0
09/06/2024 21:40,3517,126,38,15,0,0
09/06/2024 21:45,0,121,72,23,0,0
09/06/2024 21:50,0,119,0,23,0,0
09/06/2024 21:55,0,112,0,24,0,0
09/06/2024 22:00,0,116,0,24,0,0
09/06/2024 22:05,0,111,0,19,0,0
09/06/2024 22:10,0,104,8,-1,0,0
09/06/2024 22:15,0,84,0,-1,0,0
09/06/2024 22:20,0,74,8,-1,0,0
09/06/2024 22:25,0,72,136,-1,0,0
09/06/2024 22:30,354,74,102,28,0,0
09/06/2024 22:35,0,71,0,-1,0,0
09/06/2024 22:40,0,86,0,-1,0,0
09/06/2024 22:45,398,91,38,-1,0,0
09/06/2024 22:50,3552,90,198,-1,0,0
09/06/2024 22:55,418,85,70,-1,0,0
09/06/2024 23:00,1451,92,70,-1,0,59
09/06/2024 23:05,0,82,72,14,0,0
09/06/2024 23:10,0,80,0,-1,0,0
09/06/2024 23:15,3587,82,134,-1,0,0
09/06/2024 23:20,0,81,0,-1,0,0
09/06/2024 23:25,0,60,72,48,0,0
09/06/2024 23:30,0,65,192,-1,0,0
09/06/2024 23:35,0,67,0,-1,0,0
09/06/2024 23:40,0,66,104,62,0,0
09/06/2024 23:45,736,71,70,20,0,0
09/06/2024 23:50,0,73,0,14,0,0
09/06/2024 23:55,741,71,102,7,0,0
10/06/2024 00:00,0,0,72,10,0,0
10/06/2024 00:05,0,69,8,8,0,0
10/06/2024 00:10,765,70,6,13,0,0
10/06/2024 00:15,0,68,72,20,0,0
10/06/2024 00:20,0,69,8,16,0,0
10/06/2024 00:25,3649,68,128,13,0,0
10/06/2024 00:30,856,68,104,14,0,0
10/06/2024 00:35,0,66,0,19,0,0
10/06/2024 00:40,3662,67,38,17,0,0
10/06/2024 00:45,0,66,192,13,0,0
10/06/2024 00:50,903,63,72,9,0,0
10/06/2024 00:55,0,62,0,11,0,0
10/06/2024 01:00,0,63,0,14,0,0
10/06/2024 01:05,0,0,8,11,0,0
10/06/2024 01:10,0,61,8,14,0,0
10/06/2024 01:15,0,0,104,10,0,0
10/06/2024 01:20,0,60,0,10,0,0
10/06/2024 01:25,0,0,0,17,0,0
10/06/2024 01:30,949,61,70,18,0,0
10/06/2024 01:35,0,59,104,21,0,0
10/06/2024 01:40,983,60,38,-1,0,0
10/06/2024 01:45,0,66,40,-1,0,0
10/06/2024 01:50,0,61,0,15,0,0
10/06/2024 01:55,0,62,136,22,0,0
10/06/2024 02:00,0,60,0,19,0,0
10/06/2024 02:05,0,61,8,22,0,0
10/06/2024 02:10,0,62,0,-1,0,0
10/06/2024 02:15,1015,63,70,-1,0,0
10/06/2024 02:20,0,66,104,-1,0,0
10/06/2024 02:25,0,69,0,18,0,0
10/06/2024 02:30,1087,67,102,16,0,0
10/06/2024 02:35,0,64,0,19,0,0
10/06/2024 02:40,0,65,0,18,0,0
10/06/2024 02:45,0,65,0,16,0,0
10/06/2024 02:50,0,66,0,20,0,0
10/06/2024 02:55,0,62,72,16,0,0
10/06/2024 03:00,0,64,72,23,0,0
10/06/2024 03:05,0,63,104,6,0,0
10/06/2024 03:10,0,62,104,7,0,0
10/06/2024 03:15,0,0,0,1,0,0
10/06/2024 03:20,0,0,72,2,0,0
10/06/2024 03:25,0,0,104,2,0,0
10/06/2024 03:30,0,0,40,17,0,0
10/06/2024 03:35,0,63,104,10,0,0
10/06/2024 03:40,0,64,0,8,0,0
10/06/2024 03:45,0,66,104,23,0,0
10/06/2024 03:50,0,65,104,17,0,0
10/06/2024 03:55,0,62,8,17,0,0
10/06/2024 04:00,0,65,72,16,0,0
10/06/2024 04:05,0,62,8,-1,0,0
10/06/2024 04:10,0,62,0,-1,0,0
10/06/2024 04:15,0,61,0,-1,0,0
10/06/2024 04:20,0,62,136,15,0,0
10/06/2024 04:25,0,61,0,18,0,0
10/06/2024 04:30,0,62,136,19,0,0
10/06/2024 04:35,0,61,104,10,0,0
10/06/2024 04:40,0,0,0,4,0,0
10/06/2024 04:45,0,0,0,2,0,0
10/06/2024 04:50,0,0,72,4,0,0
10/06/2024 04:55,0,60,0,4,0,0
10/06/2024 05:00,1174,61,38,3,0,0
10/06/2024 05:05,0,61,8,3,0,0
10/06/2024 05:10,0,64,136,3,0,0
10/06/2024 05:15,0,0,192,5,0,0
10/06/2024 05:20,0,63,72,6,0,0
10/06/2024 05:25,1187,62,192,9,0,0
10/06/2024 05:30,0,58,104,-1,0,0
10/06/2024 05:35,0,66,72,11,0,0
10/06/2024 05:40,0,59,8,-1,0,0
10/06/2024 05:45,0,56,160,8,0,0
10/06/2024 05:50,1201,55,104,7,0,0
10/06/2024 05:55,0,57,128,6,0,0
10/06/2024 06:00,0,56,0,6,0,0
10/06/2024 06:05,0,57,8,8,0,0
10/06/2024 06:10,0,56,104,6,0,0
10/06/2024 06:15,0,0,72,9,0,0
10/06/2024 06:20,0,63,0,1,0,0
10/06/2024 06:25,0,59,0,1,0,0
10/06/2024 06:30,0,60,0,2,0,0
10/06/2024 06:35,0,59,0,1,0,0
10/06/2024 06:40,1253,59,70,2,0,0
10/06/2024 06:45,1287,60,134,1,0,0
10/06/2024 06:50,0,62,104,8,0,0
10/06/2024 06:55,0,63,72,7,0,0
10/06/2024 07:00,0,63,136,4,0,0
10/06/2024 07:05,0,60,8,37,0,0
10/06/2024 07:10,0,63,104,40,0,0
10/06/2024 07:15,0,62,104,-1,0,0
10/06/2024 07:20,37,63,97,18,0,0
10/06/2024 07:25,1399,61,104,13,0,0
10/06/2024 07:30,1410,65,40,-1,0,0
10/06/2024 07:35,1427,67,136,65,1,0
10/06/2024 07:40,0,66,0,75,0,0
10/06/2024 07:45,0,66,168,-2,1,0
10/06/2024 07:50,0,67,232,-2,0,0
10/06/2024 07:55,0,65,200,-2,1,0
10/06/2024 08:00,0,69,200,-2,1,0
10/06/2024 08:05,0,60,8,55,0,0
10/06/2024 08:10,0,60,104,36,0,0
10/06/2024 08:15,0,62,72,29,0,0
10/06/2024 08:20,0,66,0,24,0,0
10/06/2024 08:25,0,60,0,30,0,0
10/06/2024 08:30,0,59,136,-2,0,0
10/06/2024 08:35,0,0,0,-2,0,0
10/06/2024 08:40,0,58,168,-2,1,0
10/06/2024 08:45,0,56,168,-2,1,0
10/06/2024 08:50,0,58,0,-2,1,0
10/06/2024 08:55,0,57,0,-1,1,0
10/06/2024 09:00,0,57,0,-2,1,0
10/06/2024 09:05,15,56,102,-2,1,0
10/06/2024 09:10,0,57,168,-2,1,0
10/06/2024 09:15,0,57,136,72,1,0
10/06/2024 09:20,0,56,104,20,0,0
10/06/2024 09:25,0,0,40,13,0,0
10/06/2024 09:30,0,57,104,-2,1,0
10/06/2024 09:35,0,57,168,8,0,0
10/06/2024 09:40,0,62,136,-2,1,0
10/06/2024 09:45,0,58,0,-2,1,0
10/06/2024 09:50,0,59,0,-2,1,0
10/06/2024 09:55,0,60,200,-2,0,0
10/06/2024 10:00,0,0,0,-2,1,0
10/06/2024 10:05,2928,60,136,-2,1,0
10/06/2024 10:10,0,59,0,-2,1,0
10/06/2024 10:15,0,61,0,-2,1,0
10/06/2024 10:20,0,72,0,-2,1,0
10/06/2024 10:25,0,67,0,-2,1,0
10/06/2024 10:30,0,65,0,-2,1,0
10/06/2024 10:35,0,64,0,-2,1,0
10/06/2024 10:40,0,66,0,-2,1,0
10/06/2024 10:45,0,66,0,-2,1,0
10/06/2024 10:50,0,64,0,-2,1,0
10/06/2024 10:55,0,62,0,-2,1,0
10/06/2024 11:00,0,61,0,-2,1,0
10/06/2024 11:05,0,62,0,-2,1,0
10/06/2024 11:10,0,64,0,-2,1,0
10/06/2024 11:15,0,63,0,-2,1,0
10/06/2024 11:20,0,67,0,-2,1,0
10/06/2024 11:25,0,59,0,-2,1,0
10/06/2024 11:30,0,69,0,-2,1,0
10/06/2024 11:35,0,84,0,-2,1,0
10/06/2024 11:40,0,72,0,-2,1,0
10/06/2024 11:45,0,66,0,-2,1,0
10/06/2024 11:50,0,61,0,-2,1,0
10/06/2024 11:55,0,61,0,-2,1,0
10/06/2024 12:00,0,60,0,-2,1,0
10/06/2024 12:05,0,65,0,-2,1,0
10/06/2024 12:10,0,63,0,-2,1,0
10/06/2024 12:15,0,59,0,-2,1,0
10/06/2024 12:20,0,61,0,-2,1,0
10/06/2024 12:25,0,59,0,-2,1,0
10/06/2024 12:30,0,60,0,-2,1,0
10/06/2024 12:35,0,61,0,-2,1,0
10/06/2024 12:40,0,63,0,-2,1,0
10/06/2024 12:45,0,56,0,-2,1,0
10/06/2024 12:50,0,62,0,-2,1,0
10/06/2024 12:55,0,58,0,-2,1,0
10/06/2024 13:00,0,63,0,-2,1,0
10/06/2024 13:05,0,62,0,-2,1,0
10/06/2024 13:10,0,62,0,-2,1,0
10/06/2024 13:15,0,60,0,-2,1,0
10/06/2024 13:20,0,66,0,-2,1,0
10/06/2024 13:25,0,62,0,-2,1,0
10/06/2024 13:30,0,68,0,-2,1,0
10/06/2024 13:35,0,67,0,-2,1,0
10/06/2024 13:40,0,72,0,-2,1,0
10/06/2024 13:45,0,67,0,-2,1,0
10/06/2024 13:50,0,65,0,-2,1,0
10/06/2024 13:55,0,65,0,-2,1,0
10/06/2024 14:00,0,63,0,-2,1,0
10/06/2024 14:05,0,65,0,-2,1,0
10/06/2024 14:10,0,68,0,-2,1,0
10/06/2024 14:15,0,71,0,-2,1,0
10/06/2024 14:20,0,66,0,-2,1,0
10/06/2024 14:25,0,67,0,-2,1,0
10/06/2024 14:30,0,81,0,-2,1,0
10/06/2024 14:35,0,78,0,-2,1,0
10/06/2024 14:40,0,90,0,-2,1,0
10/06/2024 14:45,0,78,0,-2,1,0
10/06/2024 14:50,0,94,0,-2,1,0
10/06/2024 14:55,0,96,0,-2,1,0
10/06/2024 15:00,0,94,0,-2,1,0
10/06/2024 15:05,0,94,0,-2,1,0
10/06/2024 15:10,0,93,0,-2,1,0
10/06/2024 15:15,0,90,0,-2,1,0
10/06/2024 15:20,157,91,70,-2,1,0
10/06/2024 15:25,0,95,0,-2,1,0
10/06/2024 15:30,0,87,0,-2,1,0
10/06/2024 15:35,0,70,0,-2,1,0
10/06/2024 15:40,0,70,0,-2,1,0
10/06/2024 15:45,0,69,0,-2,1,0
10/06/2024 15:50,0,70,0,-2,1,0
10/06/2024 15:55,0,69,0,-2,1,0
10/06/2024 16:00,0,67,0,-2,1,0
10/06/2024 16:05,0,69,0,-2,1,0
10/06/2024 16:10,0,69,0,-2,1,0
10/06/2024 16:15,0,82,0,-2,1,0
10/06/2024 16:20,0,95,0,-2,1,0
10/06/2024 16:25,194,96,38,-2,1,0
10/06/2024 16:30,0,75,0,-2,1,0
10/06/2024 16:35,0,79,0,-2,1,0
10/06/2024 16:40,0,83,0,-2,1,0
10/06/2024 16:45,0,89,0,-2,1,0
10/06/2024 16:50,0,89,0,-2,1,0
10/06/2024 16:55,0,87,0,-2,1,0
10/06/2024 17:00,0,90,0,-2,1,0
10/06/2024 17:05,0,93,0,-2,1,0
10/06/2024 17:10,0,101,0,-2,1,0
10/06/2024 17:15,0,100,0,-2,1,0
10/06/2024 17:20,0,102,0,-2,1,0
10/06/2024 17:25,0,98,0,-2,1,0
10/06/2024 17:30,0,100,0,-2,1,0
10/06/2024 17:35,0,99,0,-2,1,0
10/06/2024 17:40,0,98,0,-2,1,0
10/06/2024 17:45,0,97,0,-2,1,0
10/06/2024 17:50,0,91,0,-2,1,0
10/06/2024 17:55,0,84,0,-2,1,0
10/06/2024 18:00,0,74,0,-2,1,0
10/06/2024 18:05,0,63,0,-2,1,0
10/06/2024 18:10,0,65,0,-2,1,0
10/06/2024 18:15,0,63,0,-2,1,0
10/06/2024 18:20,2362,68,102,-2,1,0
10/06/2024 18:25,0,78,0,-2,1,0
10/06/2024 18:30,0,63,0,-2,1,0
10/06/2024 18:35,0,64,0,-2,1,0
10/06/2024 18:40,0,77,0,-2,1,0
10/06/2024 18:45,0,85,0,-2,1,0
10/06/2024 18:50,0,82,0,-2,1,0
10/06/2024 18:55,0,88,0,-2,1,0
10/06/2024 19:00,0,92,0,-2,1,0
10/06/2024 19:05,2808,89,70,-2,1,0
10/06/2024 19:10,0,78,0,-2,1,0
10/06/2024 19:15,0,88,0,-2,1,0
10/06/2024 19:20,0,85,0,-2,1,0
10/06/2024 19:25,0,73,0,-2,1,0
10/06/2024 19:30,0,73,0,-2,1,0
10/06/2024 19:35,0,73,0,-2,1,0
10/06/2024 19:40,0,73,0,-2,1,0
10/06/2024 19:45,0,73,0,-2,1,0
10/06/2024 19:50,0,73,0,-2,1,0
10/06/2024 19:55,0,73,0,-2,1,0
10/06/2024 20:00,0,73,0,-2,1,0
10/06/2024 20:05,0,73,0,-2,1,0
10/06/2024 20:10,0,73,0,-2,1,0
10/06/2024 20:15,0,73,0,-2,1,0
10/06/2024 20:20,0,73,0,-2,1,0
10/06/2024 20:25,0,73,0,-2,1,0
10/06/2024 20:30,0,73,0,-2,1,0
10/06/2024 20:35,0,73,0,-2,1,0
10/06/2024 20:40,0,73,0,-2,1,0
10/06/2024 20:45,0,73,0,-2,1,0
10/06/2024 20:50,0,73,0,-2,1,0
10/06/2024 20:55,0,73,0,-2,1,0
10/06/2024 21:00,0,73,0,-2,1,0
10/06/2024 21:05,0,73,0,-2,1,0
10/06/2024 21:10,0,73,0,-2,1,0
10/06/2024 21:15,0,73,0,-2,1,0
10/06/2024 21:20,0,73,0,-2,1,0
10/06/2024 21:25,41,0,70,-2,1,0
10/06/2024 21:30,41,0,70,-2,1,0
10/06/2024 21:35,41,0,70,-2,1,0
10/06/2024 21:40,41,0,70,-2,1,0
10/06/2024 21:45,41,0,70,-2,1,0
10/06/2024 21:50,68,0,38,-2,1,0
10/06/2024 21:55,68,0,38,-2,1,0
10/06/2024 22:00,78,0,38,-2,1,0
10/06/2024 22:05,78,0,38,-2,1,0
10/06/2024 22:10,78,0,38,-2,1,0
10/06/2024 22:15,106,0,134,-2,1,0
10/06/2024 22:20,106,0,134,-2,1,0
10/06/2024 22:25,106,0,134,-2,1,0
10/06/2024 22:30,143,0,38,-2,1,0
10/06/2024 22:35,143,0,38,-2,1,0
10/06/2024 22:40,143,0,38,-2,1,0
10/06/2024 22:45,183,0,38,-2,1,0
10/06/2024 22:50,183,0,38,-2,1,0
10/06/2024 22:55,183,0,38,-2,1,0
10/06/2024 23:00,183,0,38,-2,1,0
10/06/2024 23:05,183,0,38,-2,1,0
10/06/2024 23:10,183,0,38,-2,1,0
10/06/2024 23:15,183,0,38,-2,1,0
10/06/2024 23:20,183,0,38,-2,1,0
10/06/2024 23:25,183,0,38,-2,1,0
10/06/2024 23:30,183,0,38,-2,1,0
10/06/2024 23:35,183,0,38,-2,1,0
10/06/2024 23:40,183,0,38,-2,1,0
10/06/2024 23:45,183,0,38,-2,1,0
10/06/2024 23:50,183,0,38,-2,1,0
10/06/2024 23:55,183,0,38,-2,1,0
11/06/2024 00:00,183,0,38,-2,1,0
11/06/2024 00:05,183,0,38,-2,1,0
11/06/2024 00:10,183,0,38,-2,1,0
11/06/2024 00:15,183,0,38,-2,1,0
11/06/2024 00:20,183,0,38,-2,1,0
11/06/2024 00:25,183,0,38,-2,1,0
11/06/2024 00:30,183,0,38,-2,1,0
11/06/2024 00:35,183,0,38,-2,1,0
11/06/2024 00:40,264,0,70,-2,1,0
11/06/2024 00:45,264,0,70,-2,1,0
11/06/2024 00:50,300,0,70,-2,1,0
11/06/2024 00:55,300,0,70,-2,1,0
11/06/2024 01:00,300,0,70,-2,1,0
11/06/2024 01:05,300,0,70,-2,1,0
11/06/2024 01:10,300,0,70,-2,1,0
11/06/2024 01:15,300,0,70,-2,1,0
11/06/2024 01:20,300,0,70,-2,1,0
11/06/2024 01:25,300,0,70,-2,1,0
11/06/2024 01:30,300,0,70,-2,1,0
11/06/2024 01:35,1572,0,102,-2,1,0
11/06/2024 01:40,1572,0,102,-2,1,0
11/06/2024 01:45,1932,0,102,-2,1,0
11/06/2024 01:50,1932,0,102,-2,1,0
11/06/2024 01:55,2222,0,102,-2,1,0
11/06/2024 02:00,2222,0,102,-2,1,0
11/06/2024 02:05,1451,0,102,-2,1,0
11/06/2024 02:10,2302,0,70,-2,1,0
11/06/2024 02:15,2302,0,70,-2,1,0
11/06/2024 02:20,2340,0,70,-2,1,0
11/06/2024 02:25,2350,0,70,-2,1,0
11/06/2024 02:30,2350,0,70,-2,1,0
11/06/2024 02:35,2350,0,70,-2,1,0
11/06/2024 02:40,2350,0,70,-2,1,0
11/06/2024 02:45,2350,0,70,-2,1,0
11/06/2024 02:50,2350,0,70,-2,1,0
11/06/2024 02:55,2350,0,70,-2,1,0
11/06/2024 03:00,2350,0,70,-2,1,0
11/06/2024 03:05,2350,0,70,-2,1,0
11/06/2024 03:10,2350,0,70,-2,1,0
11/06/2024 03:15,2376,0,38,-2,1,0
11/06/2024 03:20,2376,0,38,-2,1,0
11/06/2024 03:25,2376,0,38,-2,1,0
11/06/2024 03:30,2376,0,38,-2,1,0
11/06/2024 03:35,2376,0,38,-2,1,0
11/06/2024 03:40,2376,0,38,-2,1,0
11/06/2024 03:45,2376,0,38,-2,1,0
11/06/2024 03:50,2560,0,70,-2,1,0
11/06/2024 03:55,2560,0,70,-2,1,0
11/06/2024 04:00,2560,0,70,-2,1,0
11/06/2024 04:05,2560,0,70,-2,1,0
11/06/2024 04:10,2560,0,70,-2,1,0
11/06/2024 04:15,2560,0,70,-2,1,0
11/06/2024 04:20,2821,0,38,-2,1,0
11/06/2024 04:25,2821,0,38,-2,1,0
11/06/2024 04:30,2821,0,38,-2,1,0
11/06/2024 04:35,2928,0,70,-2,1,0
